,Source Account,Text,Date,Tweets Ago,Compound,Positive,Neutral,Negative
0,@BBC,RT @solange_lebourg: I didn't think I could feel more disgust for @bbcquestiontime but here we are. Not only are they insulting brave and p‚Ä¶,Wed Jun 13 22:37:02 +0000 2018,1,-0.3174,0.151,0.226,0.623
1,@BBC,@BBC @BBCWorld @BBCBreaking @AboutTheBBC @BBCSport @BBCNews,Wed Jun 13 22:36:49 +0000 2018,2,0.0,0.0,0.0,1.0
2,@BBC,RT @solange_lebourg: I didn't think I could feel more disgust for @bbcquestiontime but here we are. Not only are they insulting brave and p‚Ä¶,Wed Jun 13 22:36:39 +0000 2018,3,-0.3174,0.151,0.226,0.623
3,@BBC,RT @solange_lebourg: I didn't think I could feel more disgust for @bbcquestiontime but here we are. Not only are they insulting brave and p‚Ä¶,Wed Jun 13 22:36:05 +0000 2018,4,-0.3174,0.151,0.226,0.623
4,@BBC,@davetelsheff @chrisk_hw @solange_lebourg @bbcquestiontime @carolecadwalla @BBC Ah bless. A remainer bedwetter whin‚Ä¶ https://t.co/dcPOE2WttB,Wed Jun 13 22:35:50 +0000 2018,5,0.4215,0.203,0.0,0.797
5,@BBC,RT @drmpwalsh: @solange_lebourg @bbcquestiontime @carolecadwalla @BBC I dont watch QT.  There is seldom evidenced debate. It's more a platf‚Ä¶,Wed Jun 13 22:35:45 +0000 2018,6,-0.4356,0.0,0.152,0.848
6,@BBC,"RT @funmioyatogun: Wow. Still in shock! I was live on @bbc with @justrioba, hosted by @kacungira. What an honor to speak about my Africa tr‚Ä¶",Wed Jun 13 22:35:35 +0000 2018,7,0.69,0.236,0.084,0.68
7,@BBC,RT @Naijadailyfeed: Second part of the video of SARS officials harrassing young guys in Ogun state @policeng @PoliceNG_PCRRU @bbc @cnni @BB‚Ä¶,Wed Jun 13 22:35:28 +0000 2018,8,0.0,0.0,0.0,1.0
8,@BBC,RT @BBC: üòÅ Russian workers being taught how to smile more ahead of the World Cup.  https://t.co/Qv9BoVmX25,Wed Jun 13 22:35:24 +0000 2018,9,0.3612,0.143,0.0,0.857
9,@BBC,RT @solange_lebourg: I didn't think I could feel more disgust for @bbcquestiontime but here we are. Not only are they insulting brave and p‚Ä¶,Wed Jun 13 22:35:14 +0000 2018,10,-0.3174,0.151,0.226,0.623
10,@BBC,RT @Naijadailyfeed: Second part of the video of SARS officials harrassing young guys in Ogun state @policeng @PoliceNG_PCRRU @bbc @cnni @BB‚Ä¶,Wed Jun 13 22:35:13 +0000 2018,11,0.0,0.0,0.0,1.0
11,@BBC,RT @solange_lebourg: I didn't think I could feel more disgust for @bbcquestiontime but here we are. Not only are they insulting brave and p‚Ä¶,Wed Jun 13 22:35:00 +0000 2018,12,-0.3174,0.151,0.226,0.623
12,@BBC,RT @solange_lebourg: I didn't think I could feel more disgust for @bbcquestiontime but here we are. Not only are they insulting brave and p‚Ä¶,Wed Jun 13 22:34:54 +0000 2018,13,-0.3174,0.151,0.226,0.623
13,@BBC,RT @solange_lebourg: I didn't think I could feel more disgust for @bbcquestiontime but here we are. Not only are they insulting brave and p‚Ä¶,Wed Jun 13 22:34:50 +0000 2018,14,-0.3174,0.151,0.226,0.623
14,@BBC,"RT @MIICEgypt: #Egypt üá™üá¨ has been ranked the safest country in Africa and higher than both the UK and US, according to a new @GallupNews po‚Ä¶",Wed Jun 13 22:34:28 +0000 2018,15,0.4019,0.101,0.0,0.899
15,@BBC,"Join us Allies! TrumPutin is a threat to all Democracies!
Canada France Germany UK

#NationalStrike June 19.20.21
E‚Ä¶ https://t.co/2jn3TwumwB",Wed Jun 13 22:34:08 +0000 2018,16,-0.4184,0.099,0.18,0.721
16,@BBC,RT @solange_lebourg: I didn't think I could feel more disgust for @bbcquestiontime but here we are. Not only are they insulting brave and p‚Ä¶,Wed Jun 13 22:34:00 +0000 2018,17,-0.3174,0.151,0.226,0.623
17,@BBC,"@solange_lebourg @lpannett @bbcquestiontime @carolecadwalla @BBC Ah bless, a remainer bedwetter whining. Who would have guessed?",Wed Jun 13 22:33:58 +0000 2018,18,0.2263,0.168,0.114,0.719
18,@BBC,@ALAN2553 @BBC Ever heard of London? We could do with this,Wed Jun 13 22:33:46 +0000 2018,19,0.0,0.0,0.0,1.0
19,@BBC,"As well as moaning on here, you can complain to a real @bbc  person by ringing 03700100222 https://t.co/uTsUxKRbvh",Wed Jun 13 22:33:31 +0000 2018,20,-0.2023,0.105,0.195,0.7
20,@BBC,RT @solange_lebourg: I didn't think I could feel more disgust for @bbcquestiontime but here we are. Not only are they insulting brave and p‚Ä¶,Wed Jun 13 22:33:26 +0000 2018,21,-0.3174,0.151,0.226,0.623
21,@BBC,RT @solange_lebourg: I didn't think I could feel more disgust for @bbcquestiontime but here we are. Not only are they insulting brave and p‚Ä¶,Wed Jun 13 22:33:11 +0000 2018,22,-0.3174,0.151,0.226,0.623
22,@BBC,RT @77BlueJays: @KISSfanaticz @GGJuliePayette @RoyalFamily @liberal_party @JustinTrudeau @gmbutts @telfordk @katepurchase @RalphGoodale @PO‚Ä¶,Wed Jun 13 22:32:33 +0000 2018,23,0.0,0.0,0.0,1.0
23,@BBC,RT @solange_lebourg: I didn't think I could feel more disgust for @bbcquestiontime but here we are. Not only are they insulting brave and p‚Ä¶,Wed Jun 13 22:32:31 +0000 2018,24,-0.3174,0.151,0.226,0.623
24,@BBC,@solange_lebourg @bbcquestiontime @carolecadwalla @BBC Horrendous!,Wed Jun 13 22:32:25 +0000 2018,25,-0.6239,0.0,0.506,0.494
25,@BBC,RT @solange_lebourg: I didn't think I could feel more disgust for @bbcquestiontime but here we are. Not only are they insulting brave and p‚Ä¶,Wed Jun 13 22:32:15 +0000 2018,26,-0.3174,0.151,0.226,0.623
26,@BBC,RT @77BlueJays: @KISSfanaticz @GGJuliePayette @RoyalFamily @liberal_party @JustinTrudeau @gmbutts @telfordk @katepurchase @RalphGoodale @PO‚Ä¶,Wed Jun 13 22:31:44 +0000 2018,27,0.0,0.0,0.0,1.0
27,@BBC,@RobBurl Yes but the best fix for that is to just point out that @BBC hacks are no better than any employed by‚Ä¶ https://t.co/nKfcnB0Ou0,Wed Jun 13 22:31:43 +0000 2018,28,0.8658,0.335,0.082,0.583
28,@BBC,"Enough is enough, this is dispciable! My goodness how you have reached a new low, your flimsy mask has slipped‚Ä¶ https://t.co/udHwBjWCN0",Wed Jun 13 22:31:30 +0000 2018,29,0.3802,0.197,0.088,0.715
29,@BBC,RT @BBC: üòÅ Russian workers being taught how to smile more ahead of the World Cup.  https://t.co/Qv9BoVmX25,Wed Jun 13 22:31:20 +0000 2018,30,0.3612,0.143,0.0,0.857
30,@BBC,"RT @MsActiviss: @MamaRose2017 WeAreMighty
#DontBooVOTEBlueüåä 
#DontTWEETMarchüëä
#NationalStrike June19.20.21
üí•Organize Your LocalMarch 
‚úîNoWo‚Ä¶",Wed Jun 13 22:31:10 +0000 2018,31,0.0,0.0,0.0,1.0
31,@BBC,RT @yaahveradzem: #SouthernCameroonianLivesMatter #ambazonia Lord look at this@and tell us why we should sit in the same table with the Dev‚Ä¶,Wed Jun 13 22:31:04 +0000 2018,32,0.0,0.0,0.0,1.0
32,@BBC,RT @KISSfanaticz: @GGJuliePayette @RoyalFamily @liberal_party @JustinTrudeau @gmbutts @telfordk @katepurchase @RalphGoodale @POTUS @larry_k‚Ä¶,Wed Jun 13 22:30:47 +0000 2018,33,0.0,0.0,0.0,1.0
33,@BBC,"@BBC Simple story behind not smiling easily, we dont trust fake smiles. After you win our heart? We are yours baby.‚Ä¶ https://t.co/DfhpDISNeg",Wed Jun 13 22:30:45 +0000 2018,34,-0.3438,0.198,0.304,0.498
34,@BBC,"RT @BBC: Discover the story of how Kensington became the most unequal place in Britain. 

Before Grenfell: A Hidden History | 9pm | @BBCTwo‚Ä¶",Wed Jun 13 22:30:42 +0000 2018,35,-0.4005,0.0,0.119,0.881
35,@BBC,"RT @tatbbfar: @FeistyRealist @BBC When ever the BBC talks about Tommy Robinson,they always start of with ""former leader of the EDL Tommy Ro‚Ä¶",Wed Jun 13 22:30:40 +0000 2018,36,0.0,0.0,0.0,1.0
36,@BBC,RT @BBC: üòÅ Russian workers being taught how to smile more ahead of the World Cup.  https://t.co/Qv9BoVmX25,Wed Jun 13 22:30:40 +0000 2018,37,0.3612,0.143,0.0,0.857
37,@BBC,RT @tamara_lucy: Fuck this. @bbc it‚Äôs utterly disgraceful that you give a prime time platform for Oakeshott to publicly beg her position. D‚Ä¶,Wed Jun 13 22:30:31 +0000 2018,38,-0.5423,0.0,0.143,0.857
38,@BBC,RT @solange_lebourg: I didn't think I could feel more disgust for @bbcquestiontime but here we are. Not only are they insulting brave and p‚Ä¶,Wed Jun 13 22:30:24 +0000 2018,39,-0.3174,0.151,0.226,0.623
39,@BBC,@DrBasharAlAssad @BBC Why are they not equal? Landlords are able to buy houses and rent them at extortionate rates‚Ä¶ https://t.co/BmVRd0aW71,Wed Jun 13 22:30:13 +0000 2018,40,0.0,0.0,0.0,1.0
40,@BBC,RT @solange_lebourg: I didn't think I could feel more disgust for @bbcquestiontime but here we are. Not only are they insulting brave and p‚Ä¶,Wed Jun 13 22:30:05 +0000 2018,41,-0.3174,0.151,0.226,0.623
41,@BBC,"RT @mazinwakamma1: BIAFRA: do we know that @theresa_may and @BarackObama was a key figure in emergency of BOKO HARRAM?
They fired highly th‚Ä¶",Wed Jun 13 22:30:03 +0000 2018,42,-0.7351,0.0,0.237,0.763
42,@BBC,RT @milly4red: #GenocideInSouthernCameroons What is the price of human lives? @antonioguterres receives his golden trophy from genocidal di‚Ä¶,Wed Jun 13 22:29:54 +0000 2018,43,0.0,0.0,0.0,1.0
43,@BBC,RT @cebiassemble: How can a Regime that is a signatory to many int'l Human Rights treaties treats innocent civilians with such cruelty? Do‚Ä¶,Wed Jun 13 22:29:51 +0000 2018,44,-0.3612,0.095,0.154,0.751
44,@BBC,"RT @MnsrMysterioso: So that‚Äôs LandRover, Vauxhall, RollsRoyce, more banks than I can name plus a string of retail outlets all moving to the‚Ä¶",Wed Jun 13 22:29:48 +0000 2018,45,0.0,0.0,0.0,1.0
45,@BBC,Heartbreaking watching this Grenfell documentary from @BBC,Wed Jun 13 22:29:47 +0000 2018,46,-0.4588,0.0,0.333,0.667
46,@BBC,"@RobBurl Or if it‚Äôs @BBC people who are acceptable to the Tories running things will appear more often. 

Your toke‚Ä¶ https://t.co/1WRIHTUDks",Wed Jun 13 22:29:40 +0000 2018,47,0.3182,0.103,0.0,0.897
47,@BBC,RT @solange_lebourg: I didn't think I could feel more disgust for @bbcquestiontime but here we are. Not only are they insulting brave and p‚Ä¶,Wed Jun 13 22:29:36 +0000 2018,48,-0.3174,0.151,0.226,0.623
48,@BBC,RT @FeistyRealist: So yesterday I‚Äôm told ‚ÄúBlack &amp; Asian are the forgotten in Britain‚Äù so I say ‚ÄúWhere you heard this ?‚Äù ‚ÄúThis program on BB‚Ä¶,Wed Jun 13 22:29:28 +0000 2018,49,-0.2263,0.0,0.073,0.927
49,@BBC,"RT @BBC: Discover the story of how Kensington became the most unequal place in Britain. 

Before Grenfell: A Hidden History | 9pm | @BBCTwo‚Ä¶",Wed Jun 13 22:29:26 +0000 2018,50,-0.4005,0.0,0.119,0.881
50,@BBC,"RT @Mbaka_Ogonnaya: The world should wake up to the genocide against #SouthernCameroon, or has the big nations killed man's sense of humani‚Ä¶",Wed Jun 13 22:29:24 +0000 2018,51,-0.6705,0.0,0.176,0.824
51,@BBC,RT @solange_lebourg: I didn't think I could feel more disgust for @bbcquestiontime but here we are. Not only are they insulting brave and p‚Ä¶,Wed Jun 13 22:29:24 +0000 2018,52,-0.3174,0.151,0.226,0.623
52,@BBC,RT @thesilverfox971: @bbcquestiontime @IsabelOakeshott @BBC just keep on giving fascists and extremists publicity. Hope the whole corporati‚Ä¶,Wed Jun 13 22:29:23 +0000 2018,53,0.5423,0.251,0.085,0.664
53,@BBC,RT @solange_lebourg: I didn't think I could feel more disgust for @bbcquestiontime but here we are. Not only are they insulting brave and p‚Ä¶,Wed Jun 13 22:29:21 +0000 2018,54,-0.3174,0.151,0.226,0.623
54,@BBC,RT @BBC: üòÅ Russian workers being taught how to smile more ahead of the World Cup.  https://t.co/Qv9BoVmX25,Wed Jun 13 22:29:02 +0000 2018,55,0.3612,0.143,0.0,0.857
55,@BBC,RT @bbcwritersroom: New in our #Script Library the complete #scripts for the acclaimed @BBCOne #drama A Very English Scandal by Russell T D‚Ä¶,Wed Jun 13 22:29:01 +0000 2018,56,-0.4902,0.0,0.137,0.863
56,@BBC,RT @solange_lebourg: I didn't think I could feel more disgust for @bbcquestiontime but here we are. Not only are they insulting brave and p‚Ä¶,Wed Jun 13 22:28:56 +0000 2018,57,-0.3174,0.151,0.226,0.623
57,@BBC,RT @yaahveradzem: #SouthernCameroonianLivesMatter #ambazonia Lord look at this@and tell us why we should sit in the same table with the Dev‚Ä¶,Wed Jun 13 22:28:55 +0000 2018,58,0.0,0.0,0.0,1.0
58,@BBC,"RT @BBC: This elderly man was struggling slowly across a busy road in China - but luckily, help was at hand! https://t.co/xfCtAOkL6F",Wed Jun 13 22:28:54 +0000 2018,59,0.9134,0.413,0.062,0.525
59,@BBC,RT @solange_lebourg: I didn't think I could feel more disgust for @bbcquestiontime but here we are. Not only are they insulting brave and p‚Ä¶,Wed Jun 13 22:28:53 +0000 2018,60,-0.3174,0.151,0.226,0.623
60,@BBC,RT @solange_lebourg: I didn't think I could feel more disgust for @bbcquestiontime but here we are. Not only are they insulting brave and p‚Ä¶,Wed Jun 13 22:28:50 +0000 2018,61,-0.3174,0.151,0.226,0.623
61,@BBC,RT @solange_lebourg: I didn't think I could feel more disgust for @bbcquestiontime but here we are. Not only are they insulting brave and p‚Ä¶,Wed Jun 13 22:28:50 +0000 2018,62,-0.3174,0.151,0.226,0.623
62,@BBC,RT @solange_lebourg: I didn't think I could feel more disgust for @bbcquestiontime but here we are. Not only are they insulting brave and p‚Ä¶,Wed Jun 13 22:28:44 +0000 2018,63,-0.3174,0.151,0.226,0.623
63,@BBC,RT @LumSSN: Only God knows what will happen to these young women in the hands of the #Cameroun military. The humiliation is too much to bea‚Ä¶,Wed Jun 13 22:28:38 +0000 2018,64,-0.3818,0.07,0.124,0.805
64,@BBC,"@solange_lebourg @bbcquestiontime @carolecadwalla @BBC I think #BBCBrexitTime have got to the ""openly taking the piss"" stage now !",Wed Jun 13 22:28:20 +0000 2018,65,-0.4574,0.0,0.166,0.834
65,@BBC,"RT @Galaverna_GB: @solange_lebourg @bbcquestiontime @carolecadwalla @BBC She‚Äôll be the major reason I avoid QT this week: her supercilious,‚Ä¶",Wed Jun 13 22:28:13 +0000 2018,66,0.3254,0.17,0.106,0.723
66,@BBC,RT @solange_lebourg: I didn't think I could feel more disgust for @bbcquestiontime but here we are. Not only are they insulting brave and p‚Ä¶,Wed Jun 13 22:28:03 +0000 2018,67,-0.3174,0.151,0.226,0.623
67,@BBC,RT @solange_lebourg: I didn't think I could feel more disgust for @bbcquestiontime but here we are. Not only are they insulting brave and p‚Ä¶,Wed Jun 13 22:27:57 +0000 2018,68,-0.3174,0.151,0.226,0.623
68,@BBC,RT @solange_lebourg: I didn't think I could feel more disgust for @bbcquestiontime but here we are. Not only are they insulting brave and p‚Ä¶,Wed Jun 13 22:27:45 +0000 2018,69,-0.3174,0.151,0.226,0.623
69,@BBC,RT @BBC: üòÅ Russian workers being taught how to smile more ahead of the World Cup.  https://t.co/Qv9BoVmX25,Wed Jun 13 22:27:33 +0000 2018,70,0.3612,0.143,0.0,0.857
70,@BBC,RT @JustSayNope: @111meeuwis @forestnffcfan @bbcquestiontime @IsabelOakeshott @BBCPolitics I think it is about time people of this country‚Ä¶,Wed Jun 13 22:27:30 +0000 2018,71,0.0,0.0,0.0,1.0
71,@BBC,RT @solange_lebourg: I didn't think I could feel more disgust for @bbcquestiontime but here we are. Not only are they insulting brave and p‚Ä¶,Wed Jun 13 22:27:19 +0000 2018,72,-0.3174,0.151,0.226,0.623
72,@BBC,Wow love this new studio @BBC are using for #WorldCupRussia2018 Not at all in any way similar to watching three for‚Ä¶ https://t.co/pwBwzRUHla,Wed Jun 13 22:27:00 +0000 2018,73,0.8402,0.286,0.0,0.714
73,@BBC,RT @solange_lebourg: I didn't think I could feel more disgust for @bbcquestiontime but here we are. Not only are they insulting brave and p‚Ä¶,Wed Jun 13 22:27:00 +0000 2018,74,-0.3174,0.151,0.226,0.623
74,@BBC,Not sure why 'best World Cup intro' is a thing? It doesn't matter. The @BBC does sports coverage better than @ITV.‚Ä¶ https://t.co/mXZ27Bz9v9,Wed Jun 13 22:26:58 +0000 2018,75,0.8529,0.342,0.039,0.619
75,@BBC,"RT @MsActiviss: @MamaRose2017 WeAreMighty
#DontBooVOTEBlueüåä 
#DontTWEETMarchüëä
#NationalStrike June19.20.21
üí•Organize Your LocalMarch 
‚úîNoWo‚Ä¶",Wed Jun 13 22:26:57 +0000 2018,76,0.0,0.0,0.0,1.0
76,@BBC,"RT @LumSSN: This video (reportedly captured in Manyemen) shows #Cameroon Military forcing young girls to crawl on mud. 
Humiliation to the‚Ä¶",Wed Jun 13 22:26:39 +0000 2018,77,-0.5719,0.0,0.156,0.844
77,@BBC,@GlynVeeTwin @jlivingstone100 @Gyropitus @GentlemanGeorge @alastairdick @SocialM85897394 @garysmi35858744‚Ä¶ https://t.co/g6l0zA59fJ,Wed Jun 13 22:26:11 +0000 2018,78,0.0,0.0,0.0,1.0
78,@BBC,"RT @LumSSN: This video (reportedly captured in Manyemen) shows Cameroon Military forcing young girls to crawl on mud. 
Humiliation to the f‚Ä¶",Wed Jun 13 22:26:10 +0000 2018,79,-0.5719,0.0,0.15,0.85
79,@BBC,RT @solange_lebourg: I didn't think I could feel more disgust for @bbcquestiontime but here we are. Not only are they insulting brave and p‚Ä¶,Wed Jun 13 22:25:31 +0000 2018,80,-0.3174,0.151,0.226,0.623
80,@BBC,RT @solange_lebourg: I didn't think I could feel more disgust for @bbcquestiontime but here we are. Not only are they insulting brave and p‚Ä¶,Wed Jun 13 22:25:28 +0000 2018,81,-0.3174,0.151,0.226,0.623
81,@BBC,@Gyropitus @jlivingstone100 @GentlemanGeorge @alastairdick @SocialM85897394 @garysmi35858744 @bunter888 @MarkBurkin‚Ä¶ https://t.co/pjsgEYxH9x,Wed Jun 13 22:25:28 +0000 2018,82,0.0,0.0,0.0,1.0
82,@BBC,"RT @Galaverna_GB: @solange_lebourg @bbcquestiontime @carolecadwalla @BBC She‚Äôll be the major reason I avoid QT this week: her supercilious,‚Ä¶",Wed Jun 13 22:25:26 +0000 2018,83,0.3254,0.17,0.106,0.723
83,@BBC,RT @drmpwalsh: @solange_lebourg @bbcquestiontime @carolecadwalla @BBC I dont watch QT.  There is seldom evidenced debate. It's more a platf‚Ä¶,Wed Jun 13 22:25:19 +0000 2018,84,-0.4356,0.0,0.152,0.848
84,@BBC,RT @BBC: üòÅ Russian workers being taught how to smile more ahead of the World Cup.  https://t.co/Qv9BoVmX25,Wed Jun 13 22:25:13 +0000 2018,85,0.3612,0.143,0.0,0.857
85,@BBC,RT @yaahveradzem: #SouthernCameroonianLivesMatter #ambazonia Lord look at this@and tell us why we should sit in the same table with the Dev‚Ä¶,Wed Jun 13 22:25:07 +0000 2018,86,0.0,0.0,0.0,1.0
86,@BBC,RT @davidjaygee: @robertreed10 @solange_lebourg @bbcquestiontime @carolecadwalla @BBC And where are the police=nowhere,Wed Jun 13 22:25:00 +0000 2018,87,0.0,0.0,0.0,1.0
87,@BBC,@fergusleathem @HackedOffHugh @BBC Yup. Hugh Grant is wonderful.,Wed Jun 13 22:24:54 +0000 2018,88,0.7351,0.508,0.0,0.492
88,@BBC,"@Rashidfreed @BBC Hi Rashid, not sure if I'm in north Camden? (I live on Crogsland road) but I made this film with‚Ä¶ https://t.co/cCtZaewo43",Wed Jun 13 22:24:53 +0000 2018,89,-0.1232,0.0,0.066,0.934
89,@BBC,RT @jymanamy: @solange_lebourg @Peterhahahart @bbcquestiontime @carolecadwalla @BBC More BBC bias and propaganda - waste of time watching,Wed Jun 13 22:24:53 +0000 2018,90,-0.6682,0.0,0.333,0.667
90,@BBC,@RichardSummers @StevePeers @carolecadwalla @RobBurl .@bbc blatantly fronted #projectfear during Scottish Indyref c‚Ä¶ https://t.co/ArPsF1yex7,Wed Jun 13 22:24:47 +0000 2018,91,0.0,0.0,0.0,1.0
91,@BBC,"@MnsrMysterioso @SkyNews @BBC @itn It's a bit of both. Some of these types are organised via Facebook, WhatsApp etc‚Ä¶ https://t.co/PZowEDakvu",Wed Jun 13 22:24:47 +0000 2018,92,0.0,0.0,0.0,1.0
92,@BBC,RT @MsActiviss: @MamaRose2017 @FBI @DNC @IndivisibleNet @AP @BBC @FRANCE24 @funder @Rosie @JimCarrey @Alyssa_Milano @robreiner #NationalStr‚Ä¶,Wed Jun 13 22:24:45 +0000 2018,93,0.0,0.0,0.0,1.0
93,@BBC,RT @solange_lebourg: I didn't think I could feel more disgust for @bbcquestiontime but here we are. Not only are they insulting brave and p‚Ä¶,Wed Jun 13 22:24:43 +0000 2018,94,-0.3174,0.151,0.226,0.623
94,@BBC,RT @solange_lebourg: I didn't think I could feel more disgust for @bbcquestiontime but here we are. Not only are they insulting brave and p‚Ä¶,Wed Jun 13 22:24:34 +0000 2018,95,-0.3174,0.151,0.226,0.623
95,@BBC,RT @solange_lebourg: I didn't think I could feel more disgust for @bbcquestiontime but here we are. Not only are they insulting brave and p‚Ä¶,Wed Jun 13 22:24:34 +0000 2018,96,-0.3174,0.151,0.226,0.623
96,@BBC,@bunter888 @jlivingstone100 @Gyropitus @GentlemanGeorge @alastairdick @SocialM85897394 @garysmi35858744 @MarkBurkin‚Ä¶ https://t.co/rtKq5RFfpE,Wed Jun 13 22:24:29 +0000 2018,97,0.0,0.0,0.0,1.0
97,@BBC,@jlivingstone100 @bunter888 @GentlemanGeorge @alastairdick @SocialM85897394 @garysmi35858744 @MarkBurkin‚Ä¶ https://t.co/mSBWxwe6Po,Wed Jun 13 22:24:24 +0000 2018,98,0.0,0.0,0.0,1.0
98,@BBC,https://t.co/BK654Ul39I @EmmanuelMacron @POTUS @VP @SecPompeo @SebGorka @MarkSteynOnline @TuckerCarlson‚Ä¶ https://t.co/oklTybdehK,Wed Jun 13 22:24:08 +0000 2018,99,0.0,0.0,0.0,1.0
99,@BBC,@bunter888 @jlivingstone100 @Gyropitus @GentlemanGeorge @alastairdick @SocialM85897394 @garysmi35858744 @MarkBurkin‚Ä¶ https://t.co/delqhetHzL,Wed Jun 13 22:23:31 +0000 2018,100,0.0,0.0,0.0,1.0
100,@CBS,RT @CBSThisMorning: .@DierksBentley still uses a flip phone?! That's what he told @JanCBS in an interview you'll see on @CBSThisMorning Thu‚Ä¶,Wed Jun 13 22:37:09 +0000 2018,1,0.0,0.0,0.0,1.0
101,@CBS,RT @CBSThisMorning: .@DierksBentley still uses a flip phone?! That's what he told @JanCBS in an interview you'll see on @CBSThisMorning Thu‚Ä¶,Wed Jun 13 22:37:06 +0000 2018,2,0.0,0.0,0.0,1.0
102,@CBS,RT @dramatistsguild: The Dramatists Guild Statement about the 2018 Tony Awards. #YourPenOurSword @CBS @TheTonyAwards https://t.co/YG10TV7VY‚Ä¶,Wed Jun 13 22:37:02 +0000 2018,3,0.4588,0.176,0.0,0.824
103,@CBS,RT @CBSThisMorning: .@DierksBentley still uses a flip phone?! That's what he told @JanCBS in an interview you'll see on @CBSThisMorning Thu‚Ä¶,Wed Jun 13 22:36:17 +0000 2018,4,0.0,0.0,0.0,1.0
104,@CBS,"RT @ktlewis14: ""This is for the people who lose"" - from @TheTonyAwards on @CBS last night. I can't get enough! Thank you @SaraBareilles and‚Ä¶",Wed Jun 13 22:36:05 +0000 2018,5,-0.6251,0.0,0.203,0.797
105,@CBS,RT @JKCorden: Tonight‚Äôs show a Drop The Mic with @aplusk and @Diddy plus @BTS_twt give an incredible performance @CBS 12.30 x,Wed Jun 13 22:35:44 +0000 2018,6,-0.2732,0.0,0.104,0.896
106,@CBS,RT @rem3276: @Anncostanza1 @Blackdi51264299 @Acosta @CNN @MSNBC @nytimes @washingtonpost @ABC @nbc @CBS Our media is guilty of journalistic‚Ä¶,Wed Jun 13 22:34:41 +0000 2018,7,-0.4215,0.0,0.141,0.859
107,@CBS,RT @JKCorden: Tonight‚Äôs show a Drop The Mic with @aplusk and @Diddy plus @BTS_twt give an incredible performance @CBS 12.30 x,Wed Jun 13 22:34:38 +0000 2018,8,-0.2732,0.0,0.104,0.896
108,@CBS,@RobertDRoseJr1 @TomiLahren @PressSec @realDonaldTrump @POTUS @Scavino45 @FoxNews @foxandfriends @TODAYshow‚Ä¶ https://t.co/3F5UJiKdtI,Wed Jun 13 22:34:02 +0000 2018,9,0.0,0.0,0.0,1.0
109,@CBS,RT @CBSThisMorning: .@DierksBentley still uses a flip phone?! That's what he told @JanCBS in an interview you'll see on @CBSThisMorning Thu‚Ä¶,Wed Jun 13 22:33:48 +0000 2018,10,0.0,0.0,0.0,1.0
110,@CBS,"RT @SmallBiz4Trump: TRUMP ACCOMPLISHMENTS ..
Retweet the hell out of this to annoy @ABC @CBS @cnn @cnbc @MSNBC @nbc @nytimes @washingtonpos‚Ä¶",Wed Jun 13 22:33:47 +0000 2018,11,-0.8176,0.0,0.283,0.717
111,@CBS,RT @JKCorden: Tonight‚Äôs show a Drop The Mic with @aplusk and @Diddy plus @BTS_twt give an incredible performance @CBS 12.30 x,Wed Jun 13 22:33:39 +0000 2018,12,-0.2732,0.0,0.104,0.896
112,@CBS,RT @kamorris360: @RepJayapal My heart is breaking!!!! Please please do something!! We need to abolish ICE !!!!! @MSNBC @NBC @ABC @CBS @CBSN‚Ä¶,Wed Jun 13 22:33:29 +0000 2018,13,0.6973,0.224,0.0,0.776
113,@CBS,RT @sandyErivers: @waltb31 @worldflood1 @realDonaldTrump This is absolute...at least 3 Russian tankers of steel have been loading up the US‚Ä¶,Wed Jun 13 22:33:24 +0000 2018,14,0.0,0.0,0.0,1.0
114,@CBS,RT @sandyErivers: @waltb31 @worldflood1 @realDonaldTrump This is absolute...at least 3 Russian tankers of steel have been loading up the US‚Ä¶,Wed Jun 13 22:33:09 +0000 2018,15,0.0,0.0,0.0,1.0
115,@CBS,RT @CBSThisMorning: .@DierksBentley still uses a flip phone?! That's what he told @JanCBS in an interview you'll see on @CBSThisMorning Thu‚Ä¶,Wed Jun 13 22:32:58 +0000 2018,16,0.0,0.0,0.0,1.0
116,@CBS,RT @JKCorden: Tonight‚Äôs show a Drop The Mic with @aplusk and @Diddy plus @BTS_twt give an incredible performance @CBS 12.30 x,Wed Jun 13 22:32:34 +0000 2018,17,-0.2732,0.0,0.104,0.896
117,@CBS,RT @JKCorden: Tonight‚Äôs show a Drop The Mic with @aplusk and @Diddy plus @BTS_twt give an incredible performance @CBS 12.30 x,Wed Jun 13 22:32:08 +0000 2018,18,-0.2732,0.0,0.104,0.896
118,@CBS,RT @rem3276: @Anncostanza1 @Blackdi51264299 @Acosta @CNN @MSNBC @nytimes @washingtonpost @ABC @nbc @CBS Our media is guilty of journalistic‚Ä¶,Wed Jun 13 22:31:38 +0000 2018,19,-0.4215,0.0,0.141,0.859
119,@CBS,RT @JKCorden: Tonight‚Äôs show a Drop The Mic with @aplusk and @Diddy plus @BTS_twt give an incredible performance @CBS 12.30 x,Wed Jun 13 22:31:31 +0000 2018,20,-0.2732,0.0,0.104,0.896
120,@CBS,@Anncostanza1 @Blackdi51264299 @Acosta @CNN @MSNBC @nytimes @washingtonpost @ABC @nbc @CBS Our media is guilty of j‚Ä¶ https://t.co/WZv2aofoYW,Wed Jun 13 22:31:31 +0000 2018,21,-0.4215,0.0,0.149,0.851
121,@CBS,https://t.co/LhgcGhWujU is live!  Please donate. Please ensure others donate. Please tweet what you want for a HAPP‚Ä¶ https://t.co/E0DHBYyo0q,Wed Jun 13 22:31:09 +0000 2018,22,0.8439,0.48,0.0,0.52
122,@CBS,"RT @Anncostanza1: The Liberal Press are looking ""crazier &amp; crazier"" by the day! Unhinged, lying manipulative, exposed #Trump haters!
@Acost‚Ä¶",Wed Jun 13 22:30:48 +0000 2018,23,-0.8264,0.0,0.416,0.584
123,@CBS,RT @JKCorden: Tonight‚Äôs show a Drop The Mic with @aplusk and @Diddy plus @BTS_twt give an incredible performance @CBS 12.30 x,Wed Jun 13 22:30:41 +0000 2018,24,-0.2732,0.0,0.104,0.896
124,@CBS,"RT @IWillRedPillU: It's been 10 hours since the Department of Justice announced 2,300 Pedophiles were Arrested in Operation Broken Heart &amp;‚Ä¶",Wed Jun 13 22:30:04 +0000 2018,25,-0.4215,0.123,0.225,0.652
125,@CBS,RT @_5xo_25161: Here‚Äôs one for the history books! N Korea and USA hand shake! @POTUS is no doubt the best Prez in history! @cnn @msnbc @nbc‚Ä¶,Wed Jun 13 22:29:17 +0000 2018,26,0.5962,0.239,0.185,0.577
126,@CBS,RT @dramatistsguild: The Dramatists Guild Statement about the 2018 Tony Awards. #YourPenOurSword @CBS @TheTonyAwards https://t.co/YG10TV7VY‚Ä¶,Wed Jun 13 22:28:50 +0000 2018,27,0.4588,0.176,0.0,0.824
127,@CBS,RT @JKCorden: Tonight‚Äôs show a Drop The Mic with @aplusk and @Diddy plus @BTS_twt give an incredible performance @CBS 12.30 x,Wed Jun 13 22:27:39 +0000 2018,28,-0.2732,0.0,0.104,0.896
128,@CBS,RT @JKCorden: Tonight‚Äôs show a Drop The Mic with @aplusk and @Diddy plus @BTS_twt give an incredible performance @CBS 12.30 x,Wed Jun 13 22:27:23 +0000 2018,29,-0.2732,0.0,0.104,0.896
129,@CBS,"RT @goforward: Follow @CBS and Forward member Devin Breen through a visit at our #LosAngeles location, as we continue to move #health forwa‚Ä¶",Wed Jun 13 22:27:09 +0000 2018,30,0.0,0.0,0.0,1.0
130,@CBS,The 2018 #tonyawards  show is now available to watch --buy on Amazon! https://t.co/OBFFZcpsaG‚Ä¶ https://t.co/SAhbi5Cs3s,Wed Jun 13 22:27:04 +0000 2018,31,0.2481,0.133,0.0,0.867
131,@CBS,"@realDonaldTrump Why hasn't the FCC pulled @nbc @CBS @ABCNetwork rights to public airwaves?
These companies clearly‚Ä¶ https://t.co/ff3kfn7iRC",Wed Jun 13 22:26:25 +0000 2018,32,0.0,0.0,0.0,1.0
132,@CBS,RT @kamorris360: @RepJayapal My heart is breaking!!!! Please please do something!! We need to abolish ICE !!!!! @MSNBC @NBC @ABC @CBS @CBSN‚Ä¶,Wed Jun 13 22:26:25 +0000 2018,33,0.6973,0.224,0.0,0.776
133,@CBS,RT @dramatistsguild: The Dramatists Guild Statement about the 2018 Tony Awards. #YourPenOurSword @CBS @TheTonyAwards https://t.co/YG10TV7VY‚Ä¶,Wed Jun 13 22:26:14 +0000 2018,34,0.4588,0.176,0.0,0.824
134,@CBS,"We Love you POTUS Trump! 
You are an American Patriot President cut from the same cloth as the Founding Fathers.
Go‚Ä¶ https://t.co/ssAQyxKW3o",Wed Jun 13 22:25:59 +0000 2018,35,0.5255,0.169,0.079,0.752
135,@CBS,"@realDonaldTrump We Love you POTUS Trump! 
You are an American Patriot President cut from the same cloth as the Fou‚Ä¶ https://t.co/lGdVxDNIw4",Wed Jun 13 22:25:53 +0000 2018,36,0.5255,0.176,0.082,0.742
136,@CBS,The 2018 #tonyawards show is now available to watch/buy on Amazon! https://t.co/OBFFZcpsaG https://t.co/BCK7O9Lw88‚Ä¶ https://t.co/8XWUx6daJs,Wed Jun 13 22:25:40 +0000 2018,37,0.2481,0.133,0.0,0.867
137,@CBS,RT @JKCorden: Tonight‚Äôs show a Drop The Mic with @aplusk and @Diddy plus @BTS_twt give an incredible performance @CBS 12.30 x,Wed Jun 13 22:24:51 +0000 2018,38,-0.2732,0.0,0.104,0.896
138,@CBS,@TVInsider I know one thing I am done watching @CBS after they cancelled #scorpion on that ending.  Viewers deserve a decent ending,Wed Jun 13 22:24:51 +0000 2018,39,-0.25,0.0,0.1,0.9
139,@CBS,@RepJayapal My heart is breaking!!!! Please please do something!! We need to abolish ICE !!!!! @MSNBC @NBC @ABC‚Ä¶ https://t.co/Nvn8BbgO9g,Wed Jun 13 22:24:46 +0000 2018,40,0.6973,0.253,0.0,0.747
140,@CBS,https://t.co/BK654Ul39I @EmmanuelMacron @POTUS @VP @SecPompeo @SebGorka @MarkSteynOnline @TuckerCarlson‚Ä¶ https://t.co/oklTybdehK,Wed Jun 13 22:24:08 +0000 2018,41,0.0,0.0,0.0,1.0
141,@CBS,"RT @SeemaTrivedi6: If the Dubai Marriott can sack @atulkochhar, then what must @ABCNetwork do to Sharbari Ahmed who went public with an ent‚Ä¶",Wed Jun 13 22:24:05 +0000 2018,42,0.0,0.0,0.0,1.0
142,@CBS,@CBS king of queens reboot??,Wed Jun 13 22:23:39 +0000 2018,43,0.0,0.0,0.0,1.0
143,@CBS,"RT @SeemaTrivedi6: If the Dubai Marriott can sack @atulkochhar, then what must @ABCNetwork do to Sharbari Ahmed who went public with an ent‚Ä¶",Wed Jun 13 22:23:34 +0000 2018,44,0.0,0.0,0.0,1.0
144,@CBS,Spread the word people @CBS @CBSTVStudios u made a HUGE!!! Mistake cancelling @CodeBlackCBS please renew for anothe‚Ä¶ https://t.co/FblEY5Kd8z,Wed Jun 13 22:23:03 +0000 2018,45,0.4605,0.277,0.187,0.535
145,@CBS,RT @MeganBl90409101: Pls keep signing and tweeting! #Deception fans are the best! Such a great fandom!! @ABCNetwork @bensherwood @GBerlanti‚Ä¶,Wed Jun 13 22:22:20 +0000 2018,46,0.8949,0.418,0.0,0.582
146,@CBS,"RT @SeemaTrivedi6: If the Dubai Marriott can sack @atulkochhar, then what must @ABCNetwork do to Sharbari Ahmed who went public with an ent‚Ä¶",Wed Jun 13 22:22:16 +0000 2018,47,0.0,0.0,0.0,1.0
147,@CBS,RT @GailHurt3: @netflix @hulu  would you consider picking up the canceled @ScorpionCBS for a season 5 or making a movie to show fans how ou‚Ä¶,Wed Jun 13 22:22:11 +0000 2018,48,0.0,0.0,0.0,1.0
148,@CBS,RT @dramatistsguild: The Dramatists Guild Statement about the 2018 Tony Awards. #YourPenOurSword @CBS @TheTonyAwards https://t.co/YG10TV7VY‚Ä¶,Wed Jun 13 22:21:47 +0000 2018,49,0.4588,0.176,0.0,0.824
149,@CBS,RT @GailHurt3: @CBSTVStudios Not when you show no concern for loyal viewers. #SaveScorpion  @CBS will cancel your favorite show after you g‚Ä¶,Wed Jun 13 22:21:10 +0000 2018,50,0.4404,0.216,0.148,0.636
150,@CBS,RT @JKCorden: Tonight‚Äôs show a Drop The Mic with @aplusk and @Diddy plus @BTS_twt give an incredible performance @CBS 12.30 x,Wed Jun 13 22:21:10 +0000 2018,51,-0.2732,0.0,0.104,0.896
151,@CBS,RT @sandyErivers: @waltb31 @worldflood1 @realDonaldTrump This is absolute...at least 3 Russian tankers of steel have been loading up the US‚Ä¶,Wed Jun 13 22:21:04 +0000 2018,52,0.0,0.0,0.0,1.0
152,@CBS,RT @JKCorden: Tonight‚Äôs @latelateshow might be one of my favorites of all time x @CBS 12.30 x #LateLateShawn,Wed Jun 13 22:20:41 +0000 2018,53,0.4215,0.157,0.0,0.843
153,@CBS,"RT @Anncostanza1: The Liberal Press are looking ""crazier &amp; crazier"" by the day! Unhinged, lying manipulative, exposed #Trump haters!
@Acost‚Ä¶",Wed Jun 13 22:20:28 +0000 2018,54,-0.8264,0.0,0.416,0.584
154,@CBS,@Cernovich @MSNBC @ABC @NBCNews @CBS @cnnbrk @CNN @nytimes @maggieNYT @dcexaminer @washingtonpost,Wed Jun 13 22:20:14 +0000 2018,55,0.0,0.0,0.0,1.0
155,@CBS,RT @Brooke_Ashley30: #Deception was not given a fair chance by @ABCNetwork. Please #SaveDeception @USA_Network @tntdrama @CBS @GBerlanti @b‚Ä¶,Wed Jun 13 22:20:09 +0000 2018,56,-0.1032,0.115,0.185,0.7
156,@CBS,"RT @SeemaTrivedi6: If the Dubai Marriott can sack @atulkochhar, then what must @ABCNetwork do to Sharbari Ahmed who went public with an ent‚Ä¶",Wed Jun 13 22:19:31 +0000 2018,57,0.0,0.0,0.0,1.0
157,@CBS,@SenJeffMerkley @RepRoKhanna @KamalaHarris @SenFeinstein @ACLU @HRW @amnestyusa @washingtonpost @nytimes @ABC @CBS @NPR @NewsHour,Wed Jun 13 22:19:30 +0000 2018,58,0.0,0.0,0.0,1.0
158,@CBS,@AL_P26 @KingKongTomGOAT @RuwaydaMustafah @realDonaldTrump @VP @SenateGOP @SenateDems @HouseGOP @HouseDemocrats‚Ä¶ https://t.co/abNLs0PAbr,Wed Jun 13 22:19:20 +0000 2018,59,0.0,0.0,0.0,1.0
159,@CBS,RT @wayneabirch: @pattysartwork @ScorpionCBS @CBS This is great! The endings the fans deserve.  Loved Cabe's ending lol. I'm going to miss‚Ä¶,Wed Jun 13 22:18:54 +0000 2018,60,0.902,0.381,0.0,0.619
160,@CBS,"Once again!!  @thedemocrats controlled #msm had to get their News from @BretBaier @FoxNews 

@cnn @nytimes‚Ä¶ https://t.co/v8LttikNpB",Wed Jun 13 22:18:47 +0000 2018,61,0.0,0.0,0.0,1.0
161,@CBS,RT @RobertDRoseJr1: I'll pay the rooms of ANY congressional leader willing to learn the truth to the harm they are doing to millions of vet‚Ä¶,Wed Jun 13 22:18:47 +0000 2018,62,-0.3818,0.079,0.168,0.753
162,@CBS,@leedsgarcia @ABC @CBS @NBC do any of you know about this?,Wed Jun 13 22:18:36 +0000 2018,63,0.0,0.0,0.0,1.0
163,@CBS,RT @dramatistsguild: The Dramatists Guild Statement about the 2018 Tony Awards. #YourPenOurSword @CBS @TheTonyAwards https://t.co/YG10TV7VY‚Ä¶,Wed Jun 13 22:18:29 +0000 2018,64,0.4588,0.176,0.0,0.824
164,@CBS,"RT @Anncostanza1: The Liberal Press are looking ""crazier &amp; crazier"" by the day! Unhinged, lying manipulative, exposed #Trump haters!
@Acost‚Ä¶",Wed Jun 13 22:18:24 +0000 2018,65,-0.8264,0.0,0.416,0.584
165,@CBS,@AL_P26 @KingKongTomGOAT @RuwaydaMustafah @realDonaldTrump @VP @SenateGOP @SenateDems @HouseGOP @HouseDemocrats‚Ä¶ https://t.co/KRRL66nsLe,Wed Jun 13 22:18:14 +0000 2018,66,0.0,0.0,0.0,1.0
166,@CBS,"U.S. UK sells weapons , fuel and gives targeting assistance for war on poorest nation in region , YEMEN ""worlds wor‚Ä¶ https://t.co/D94eh66DXn",Wed Jun 13 22:18:03 +0000 2018,67,-0.8834,0.0,0.377,0.623
167,@CBS,"RT @SeemaTrivedi6: If the Dubai Marriott can sack @atulkochhar, then what must @ABCNetwork do to Sharbari Ahmed who went public with an ent‚Ä¶",Wed Jun 13 22:18:00 +0000 2018,68,0.0,0.0,0.0,1.0
168,@CBS,"I want bobby moyini, deyhim,. Vahedian, ardestani, razmzan talaat, hashemi, bream, shady, shadi, cavuto, babai out‚Ä¶ https://t.co/y8iqSuF28z",Wed Jun 13 22:17:48 +0000 2018,69,0.0772,0.08,0.0,0.92
169,@CBS,RT @dramatistsguild: The Dramatists Guild Statement about the 2018 Tony Awards. #YourPenOurSword @CBS @TheTonyAwards https://t.co/YG10TV7VY‚Ä¶,Wed Jun 13 22:17:32 +0000 2018,70,0.4588,0.176,0.0,0.824
170,@CBS,"RT @Anncostanza1: The Liberal Press are looking ""crazier &amp; crazier"" by the day! Unhinged, lying manipulative, exposed #Trump haters!
@Acost‚Ä¶",Wed Jun 13 22:17:19 +0000 2018,71,-0.8264,0.0,0.416,0.584
171,@CBS,"RT @TearsInHeaven09: WHAT?!? WOW. SHAME ON @NBC

@MADDOW @Lawrence @MSNBC @CNN @nytimes @ABC @CBS @NBC @PBS @AP @thehill @politico @WSJ @BB‚Ä¶",Wed Jun 13 22:17:01 +0000 2018,72,0.3296,0.185,0.137,0.678
172,@CBS,@CBSThisMorning @DierksBentley @JanCBS @CBS Good for him! Will save his sanity.,Wed Jun 13 22:16:51 +0000 2018,73,0.75,0.415,0.0,0.585
173,@CBS,@CNN @CNNPolitics @ABC @ABCPolitics @abcnews @CBSNews @CBS @nbc @NBCNews @NBCPolitics @MSNBC @msnb https://t.co/YLrwi1olid,Wed Jun 13 22:16:44 +0000 2018,74,0.0,0.0,0.0,1.0
174,@CBS,RT @JKCorden: Tonight‚Äôs show a Drop The Mic with @aplusk and @Diddy plus @BTS_twt give an incredible performance @CBS 12.30 x,Wed Jun 13 22:16:21 +0000 2018,75,-0.2732,0.0,0.104,0.896
175,@CBS,"RT @priyaakulkarni2: Fire Priyanka Chopra 

I stopped buying @Pantene in the US becoz of their brand Ambassador who potrayed Hindus as terr‚Ä¶",Wed Jun 13 22:16:18 +0000 2018,76,-0.5106,0.0,0.185,0.815
176,@CBS,"RT @Anncostanza1: The Liberal Press are looking ""crazier &amp; crazier"" by the day! Unhinged, lying manipulative, exposed #Trump haters!
@Acost‚Ä¶",Wed Jun 13 22:16:13 +0000 2018,77,-0.8264,0.0,0.416,0.584
177,@CBS,RT @killianfleury45: Exactly !!! @CBS #SaveScorpion https://t.co/lDspiSMaJ4,Wed Jun 13 22:15:35 +0000 2018,78,0.0,0.0,0.0,1.0
178,@CBS,@DanaScorpion @tvfan00 @CBS Happy #GabelDay to you!! #SaveScorpion,Wed Jun 13 22:15:22 +0000 2018,79,0.6467,0.38,0.0,0.62
179,@CBS,"RT @DanaScorpion: Happy #GabelDay guys !!! And #SaveScorpion, of course ! ‚ù§Ô∏èü¶Ç (.@CBS we‚Äôre still here üëãüèª) https://t.co/d9MEgloYy5",Wed Jun 13 22:14:47 +0000 2018,80,0.7067,0.233,0.0,0.767
180,@CBS,RT @JKCorden: Tonight‚Äôs show a Drop The Mic with @aplusk and @Diddy plus @BTS_twt give an incredible performance @CBS 12.30 x,Wed Jun 13 22:14:21 +0000 2018,81,-0.2732,0.0,0.104,0.896
181,@CBS,"RT @TearsInHeaven09: WHAT?!? WOW. SHAME ON @NBC

@MADDOW @Lawrence @MSNBC @CNN @nytimes @ABC @CBS @NBC @PBS @AP @thehill @politico @WSJ @BB‚Ä¶",Wed Jun 13 22:14:20 +0000 2018,82,0.3296,0.185,0.137,0.678
182,@CBS,RT @JKCorden: Tonight‚Äôs show a Drop The Mic with @aplusk and @Diddy plus @BTS_twt give an incredible performance @CBS 12.30 x,Wed Jun 13 22:13:49 +0000 2018,83,-0.2732,0.0,0.104,0.896
183,@CNN,"RT @CNN: Laura Ingraham says EPA chief Scott Pruitt has ""gotta go.""

The Fox News host has become one of the first of President Trump's top‚Ä¶",Wed Jun 13 22:37:11 +0000 2018,1,0.0,0.0,0.0,1.0
184,@CNN,"RT @CNN: ""I cannot think of an act that is more cruel and more inhumane than to rip the child from the arms of a mother"": Rep. Luis Gutierr‚Ä¶",Wed Jun 13 22:37:11 +0000 2018,2,-0.624,0.0,0.132,0.868
185,@CNN,"RT @realFFK: When will the liberal elites, the globalists and the int. television networks like @CNN accept the fact that @realDonaldTrump‚Ä¶",Wed Jun 13 22:37:10 +0000 2018,3,0.6249,0.212,0.0,0.788
186,@CNN,@CNN your staff is the farthest thing from being journalists,Wed Jun 13 22:37:10 +0000 2018,4,0.0,0.0,0.0,1.0
187,@CNN,RT @WalshFreedom: Is there not one Republican in the House or the Senate who has the balls and the decency to stand up to this President an‚Ä¶,Wed Jun 13 22:37:10 +0000 2018,5,0.0,0.0,0.0,1.0
188,@CNN,@WalshFreedom @jaketapper @NBCNews @CNN Should be pretty clear right now that the elected or trying to be elected G‚Ä¶ https://t.co/RkaYZ5gQRV,Wed Jun 13 22:37:08 +0000 2018,6,0.7003,0.244,0.0,0.756
189,@CNN,RT @CNN: This raccoon‚Äôs harrowing journey to the top of a building made it an instant internet star https://t.co/c2YJcFgUww https://t.co/Hb‚Ä¶,Wed Jun 13 22:37:05 +0000 2018,7,0.2023,0.091,0.0,0.909
190,@CNN,"RT @CNN: IQ scores have been steadily falling for the last few decades, and environmental factors are to blame, a new study says https://t.‚Ä¶",Wed Jun 13 22:37:04 +0000 2018,8,-0.4588,0.0,0.16,0.84
191,@CNN,@Golfinggary5221 @CNN  #AntiAmerican #HACKS !! #FAKENEWSSCUM ! #MAGAüá∫üá∏‚úäüèª #PatriotsForAmericaüá∫üá∏‚úäüèª #OURPatriotPotus !‚Ä¶ https://t.co/q5jEBzA0ZC,Wed Jun 13 22:37:03 +0000 2018,9,0.0,0.0,0.0,1.0
192,@CNN,"@BreitbartNews Well @wolfblitzer and @CNN, as my mother used to say, ""The proof is in the pudding."" If you are not‚Ä¶ https://t.co/kKFenSgrjD",Wed Jun 13 22:37:02 +0000 2018,10,0.2732,0.091,0.0,0.909
193,@CNN,@kleverkiddos @CNN It's not. When Asians in boats goes 10000 miles to Australia ... And the Latinos cannot? Also a‚Ä¶ https://t.co/9Yv09M64Xs,Wed Jun 13 22:37:02 +0000 2018,11,0.0,0.0,0.0,1.0
194,@CNN,RT @CNN: This raccoon‚Äôs harrowing journey to the top of a building made it an instant internet star https://t.co/c2YJcFgUww https://t.co/Hb‚Ä¶,Wed Jun 13 22:37:01 +0000 2018,12,0.2023,0.091,0.0,0.909
195,@CNN,@TrumpTrainMRA4 @OANN @POTUS @CNN @Acosta @realDonaldTrump @PressSec Good üëç,Wed Jun 13 22:37:01 +0000 2018,13,0.4404,0.293,0.0,0.707
196,@CNN,"RT @CNN: Meet the master architect behind Japan's remote ""art island"" | via @CNNStyle https://t.co/yDJqF0nM6A https://t.co/107tYDeL66",Wed Jun 13 22:37:01 +0000 2018,14,0.0,0.0,0.0,1.0
197,@CNN,"RT @AnOpenSecret: DOJ Tuesday Morning:
Over 2,300 Pedophiles Arrested In ‚ÄúOperation Broken Heart‚Äù 
383 Child Victims

Covered by @FoxNews‚Ä¶",Wed Jun 13 22:37:01 +0000 2018,15,-0.8176,0.0,0.347,0.653
198,@CNN,@JimiChanga2shea @Acosta @PressSec @POTUS @WhiteHouse @whpresscorps @CNN @Acosta causes too much disruption &amp; disre‚Ä¶ https://t.co/ySh0riwMbX,Wed Jun 13 22:37:01 +0000 2018,16,-0.3612,0.0,0.152,0.848
199,@CNN,"RT @TrumpTrainMRA4: @OANN reporting @POTUS Trump‚Äôs Administration 
Has contacted @CNN and asked for the 
#CubanTerrorist credentials be rev‚Ä¶",Wed Jun 13 22:37:01 +0000 2018,17,0.0,0.0,0.0,1.0
200,@CNN,"RT @mc12_55: Why isn't every news organization at these detention centers with their cameras?
@AP 
@MSNBC 
@CNN 
@ABC 
@CBSNews 
@maddow 
@‚Ä¶",Wed Jun 13 22:37:00 +0000 2018,18,-0.3612,0.0,0.111,0.889
201,@CNN,"RT @AnOpenSecret: DOJ Tuesday Morning:
Over 2,300 Pedophiles Arrested In ‚ÄúOperation Broken Heart‚Äù 
383 Child Victims

Covered by @FoxNews‚Ä¶",Wed Jun 13 22:36:59 +0000 2018,19,-0.8176,0.0,0.347,0.653
202,@CNN,@CNN What about destroying a baby inside a mother? Do you care about that?,Wed Jun 13 22:36:59 +0000 2018,20,-0.1926,0.186,0.231,0.583
203,@CNN,RT @CNN: What is 5G? It's a wireless network technology that will change everything from how you use your phone to how self-driving cars na‚Ä¶,Wed Jun 13 22:36:59 +0000 2018,21,0.0,0.0,0.0,1.0
204,@CNN,"RT @AnOpenSecret: DOJ Tuesday Morning:
Over 2,300 Pedophiles Arrested In ‚ÄúOperation Broken Heart‚Äù 
383 Child Victims

Covered by @FoxNews‚Ä¶",Wed Jun 13 22:36:58 +0000 2018,22,-0.8176,0.0,0.347,0.653
205,@CNN,"RT @Covfefefucius: Today:
1. @SenSchumer said @realDonaldTrump is ""All Cattle &amp; No Hat"" vs ""All Hat &amp; No Cattle""
2. @TheJuanWilliams said 3‚Ä¶",Wed Jun 13 22:36:58 +0000 2018,23,-0.5267,0.0,0.173,0.827
206,@CNN,"RT @jasonzweigwsj: Initiative to break California into 3 states qualifies for November ballot @CNN https://t.co/Ic7r9w8afn

I propose:
Sili‚Ä¶",Wed Jun 13 22:36:58 +0000 2018,24,0.0,0.0,0.0,1.0
207,@CNN,RT @ElderLansing: 28 year old Porsha Owens was killed Monday in St. Louis in an apparent car jacking/robbery. Making this tragedy worse is‚Ä¶,Wed Jun 13 22:36:57 +0000 2018,25,-0.9306,0.0,0.391,0.609
208,@CNN,"@Patriot_Mom_17 @molly649 @Acosta @CNN Ummm, looking at their ratings, they probably don't.",Wed Jun 13 22:36:57 +0000 2018,26,0.0,0.0,0.0,1.0
209,@CNN,RT @CNN: BREAKING: Comcast bids $65 billion for most of 21st Century Fox https://t.co/yYDqYBG2ZH https://t.co/Z4YiwF187V,Wed Jun 13 22:36:57 +0000 2018,27,0.0,0.0,0.0,1.0
210,@CNN,"RT @CNN: For most of their annual meeting this week in Dallas, Southern Baptists have talked about spiritual matters.

But the gathering to‚Ä¶",Wed Jun 13 22:36:56 +0000 2018,28,0.0258,0.048,0.0,0.952
211,@CNN,"@CNN Ahahaha I‚Äôm just kidding, wanted to see how it felt like to be on the ‚Äúright‚Äù and I‚Äôve NEVER felt so aweful.....",Wed Jun 13 22:36:56 +0000 2018,29,0.4404,0.157,0.0,0.843
212,@CNN,RT @CNN: An undocumented immigrant from Honduras sobbed as she told an attorney how federal authorities took her daughter while she breastf‚Ä¶,Wed Jun 13 22:36:55 +0000 2018,30,-0.4404,0.0,0.121,0.879
213,@CNN,RT @CNN: What is 5G? It's a wireless network technology that will change everything from how you use your phone to how self-driving cars na‚Ä¶,Wed Jun 13 22:36:55 +0000 2018,31,0.0,0.0,0.0,1.0
214,@CNN,"RT @TrumpTrainMRA4: @OANN reporting @POTUS Trump‚Äôs Administration 
Has contacted @CNN and asked for the 
#CubanTerrorist credentials be rev‚Ä¶",Wed Jun 13 22:36:54 +0000 2018,32,0.0,0.0,0.0,1.0
215,@CNN,RT @CNN: This raccoon‚Äôs harrowing journey to the top of a building made it an instant internet star https://t.co/c2YJcFgUww https://t.co/Hb‚Ä¶,Wed Jun 13 22:36:54 +0000 2018,33,0.2023,0.091,0.0,0.909
216,@CNN,"@CNN @jaketapper Wait, she ‚Äútold‚Äù an attorney? Are there witnesses? If someone did this, then let‚Äôs call him/her ou‚Ä¶ https://t.co/kxonRjHt1b",Wed Jun 13 22:36:53 +0000 2018,34,0.0,0.0,0.0,1.0
217,@CNN,@CNN Who cares,Wed Jun 13 22:36:53 +0000 2018,35,0.4588,0.6,0.0,0.4
218,@CNN,RT @CNN: A US Border Patrol agent who was shot several times in southern Arizona near the US-Mexico border exchanged gunfire with his assai‚Ä¶,Wed Jun 13 22:36:52 +0000 2018,36,0.0,0.0,0.0,1.0
219,@CNN,"RT @CNN: ""I cannot think of an act that is more cruel and more inhumane than to rip the child from the arms of a mother"": Rep. Luis Gutierr‚Ä¶",Wed Jun 13 22:36:52 +0000 2018,37,-0.624,0.0,0.132,0.868
220,@CNN,@abbydphillip @NewDay @CNN You‚Äôll never guess what happened while you were gone,Wed Jun 13 22:36:51 +0000 2018,38,0.0,0.0,0.0,1.0
221,@CNN,@VirginiaInCal @rosevine3 @wolfblitzer @CNN @POTUS ü§£ü§£ü§£ü§£üòÇüòÇüòÇüòÇüòÇüòÇü§£ü§£ü§£ü§£üí©,Wed Jun 13 22:36:51 +0000 2018,39,0.0,0.0,0.0,1.0
222,@CNN,"RT @VirginiaInCal: Oh really @wolfblitzer ?
U &amp; UR @CNN coconspirators didn‚Äôt show the American ppl much ‚ù§Ô∏è during UR Bernie blackout. You‚Ä¶",Wed Jun 13 22:36:51 +0000 2018,40,0.0,0.0,0.0,1.0
223,@CNN,RT @trey1432: @BreitbartNews @CNN is the enemy,Wed Jun 13 22:36:51 +0000 2018,41,-0.5423,0.0,0.368,0.632
224,@CNN,@LaurieAtBoston @CNN So if I break the law and get arrested can I take my son to prison with me?,Wed Jun 13 22:36:50 +0000 2018,42,-0.7506,0.0,0.286,0.714
225,@CNN,RT @kfredrick15: @senrobportman @CNN @FoxNews Skepticism? Your constituents are worried about this destabilization with a nuclear power and‚Ä¶,Wed Jun 13 22:36:49 +0000 2018,43,-0.4939,0.0,0.219,0.781
226,@CNN,@WalshFreedom @jaketapper @NBCNews @CNN Shameful is being kind. üò°,Wed Jun 13 22:36:48 +0000 2018,44,0.0516,0.27,0.254,0.476
227,@CNN,RT @_I_LikeTurtles: @realDonaldTrump Intelligence reports have now confirmed @CNN‚Äôs Jim @Acosta remains in Singapore;  now at a local ‚ÄúLost‚Ä¶,Wed Jun 13 22:36:47 +0000 2018,45,0.4767,0.154,0.0,0.846
228,@CNN,RT @CNN: This raccoon‚Äôs harrowing journey to the top of a building made it an instant internet star https://t.co/c2YJcFgUww https://t.co/Hb‚Ä¶,Wed Jun 13 22:36:46 +0000 2018,46,0.2023,0.091,0.0,0.909
229,@CNN,"RT @PhilMcCrackin44: üîÅ Please RT if you agree that Jim @Acosta should immediately be banned from all White House Press Briefings.

@POTUS‚Ä¶",Wed Jun 13 22:36:45 +0000 2018,47,0.2023,0.186,0.116,0.698
230,@CNN,@PhilCraft9 @CNN I read it. What‚Äôs your big hiccup with the commutation?,Wed Jun 13 22:36:45 +0000 2018,48,0.0,0.0,0.0,1.0
231,@CNN,RT @CNN: Argentina's Congress is debating whether to liberalize the nation's highly restrictive abortion laws https://t.co/xhftkQRPSi https‚Ä¶,Wed Jun 13 22:36:44 +0000 2018,49,0.0,0.0,0.0,1.0
232,@CNN,RT @CNN: An undocumented immigrant from Honduras sobbed as she told an attorney how federal authorities took her daughter while she breastf‚Ä¶,Wed Jun 13 22:36:44 +0000 2018,50,-0.4404,0.0,0.121,0.879
233,@CNN,RT @CarmineZozzora: Throwback to @jaketapper @brianstelter @donlemon @wolfblitzer @AC360 and the cost of fully exposed fake news propaganda‚Ä¶,Wed Jun 13 22:36:43 +0000 2018,51,-0.6087,0.0,0.237,0.763
234,@CNN,"@CNN So based on that logic, only the fans of the teams competing ever watch the Super Bowl?",Wed Jun 13 22:36:41 +0000 2018,52,0.5994,0.187,0.0,0.813
235,@CNN,"RT @TrumpTrainMRA4: @OANN reporting @POTUS Trump‚Äôs Administration 
Has contacted @CNN and asked for the 
#CubanTerrorist credentials be rev‚Ä¶",Wed Jun 13 22:36:40 +0000 2018,53,0.0,0.0,0.0,1.0
236,@CNN,RT @CNN: Swaziland is the only African country that still has strong diplomatic relations with Taiwan -- despite pressure from China https:‚Ä¶,Wed Jun 13 22:36:38 +0000 2018,54,0.6355,0.206,0.0,0.794
237,@CNN,RT @colinm0212: @CNN @jaketapper Lets stop being angry and go vote in November... that‚Äôs it...,Wed Jun 13 22:36:38 +0000 2018,55,-0.6705,0.0,0.297,0.703
238,@CNN,RT @CNN: More than 800 people were stung by jellyfish along Florida beaches in three days https://t.co/WMoGBUP4Vu https://t.co/NnEnlR07BJ,Wed Jun 13 22:36:37 +0000 2018,56,0.0,0.0,0.0,1.0
239,@CNN,"RT @PhilMcCrackin44: üîÅ Please RT if you agree that Jim @Acosta should immediately be banned from all White House Press Briefings.

@POTUS‚Ä¶",Wed Jun 13 22:36:36 +0000 2018,57,0.2023,0.186,0.116,0.698
240,@CNN,"RT @HeidiPrzybyla: Breastfeeding baby ripped from mother's arms; mom cuffed for resisting.
What happened to the baby? Some breastfeeding ba‚Ä¶",Wed Jun 13 22:36:35 +0000 2018,58,0.0,0.0,0.0,1.0
241,@CNN,RT @CNN: West Coast home prices are surging. Here's why: https://t.co/0pAd38b59d https://t.co/P1gUSTOxIM,Wed Jun 13 22:36:34 +0000 2018,59,0.0,0.0,0.0,1.0
242,@CNN,RT @CNN: An undocumented immigrant from Honduras sobbed as she told an attorney how federal authorities took her daughter while she breastf‚Ä¶,Wed Jun 13 22:36:34 +0000 2018,60,-0.4404,0.0,0.121,0.879
243,@CNN,"@colinm0212 @CNN @jaketapper Stay angry and go vote in November, just vote, vote out the GOP",Wed Jun 13 22:36:34 +0000 2018,61,-0.5106,0.0,0.18,0.82
244,@CNN,RT @WalshFreedom: Is there not one Republican in the House or the Senate who has the balls and the decency to stand up to this President an‚Ä¶,Wed Jun 13 22:36:34 +0000 2018,62,0.0,0.0,0.0,1.0
245,@CNN,"RT @LauraLoomer: .@CNN‚Äôs Jim @Acosta Caught on Hot Mic Planning to Antagonize Trump &amp; Kim Jong Un at Peace Summit

https://t.co/5D4wr756Hm",Wed Jun 13 22:36:33 +0000 2018,63,0.128,0.137,0.118,0.745
246,@CNN,"RT @hgevans4: There are no words.

She says federal officials took her daughter while she breastfed the child in a detention center @CNN ht‚Ä¶",Wed Jun 13 22:36:33 +0000 2018,64,-0.5719,0.0,0.183,0.817
247,@CNN,RT @millerglinda1: @CNN Call your Congress people now and demand a CLEAN bill to stop this BARBARIC Policy NOW! NO bargaining. Just STOP th‚Ä¶,Wed Jun 13 22:36:32 +0000 2018,65,-0.6625,0.11,0.315,0.575
248,@CNN,"@ValerieLark @Bee_Jonesss @uncensored_BB11 @CNN Valarie, I think you are a compassionate person.  That is an excell‚Ä¶ https://t.co/8MSCdbV0Qj",Wed Jun 13 22:36:31 +0000 2018,66,0.4939,0.186,0.0,0.814
249,@CNN,"RT @AnOpenSecret: DOJ Tuesday Morning:
Over 2,300 Pedophiles Arrested In ‚ÄúOperation Broken Heart‚Äù 
383 Child Victims

Covered by @FoxNews‚Ä¶",Wed Jun 13 22:36:30 +0000 2018,67,-0.8176,0.0,0.347,0.653
250,@CNN,RT @CNN: This raccoon‚Äôs harrowing journey to the top of a building made it an instant internet star https://t.co/c2YJcFgUww https://t.co/Hb‚Ä¶,Wed Jun 13 22:36:29 +0000 2018,68,0.2023,0.091,0.0,0.909
251,@CNN,RT @CNN: This raccoon‚Äôs harrowing journey to the top of a building made it an instant internet star https://t.co/c2YJcFgUww https://t.co/Hb‚Ä¶,Wed Jun 13 22:36:28 +0000 2018,69,0.2023,0.091,0.0,0.909
252,@CNN,"RT @CNN: Investors should bet on PayPal, according to @Catalystmf co-founder David Miller. Tune in to @CNNMoney's ""Markets Now"" at 12:45 pm‚Ä¶",Wed Jun 13 22:36:27 +0000 2018,70,0.0,0.0,0.0,1.0
253,@CNN,"RT @CNN: ""I cannot think of an act that is more cruel and more inhumane than to rip the child from the arms of a mother"": Rep. Luis Gutierr‚Ä¶",Wed Jun 13 22:36:27 +0000 2018,71,-0.624,0.0,0.132,0.868
254,@CNN,@ScottDavidson54 @CNN @MSNBC @ABC @CBSNews @NBCNews @POTUS Exactly!!,Wed Jun 13 22:36:27 +0000 2018,72,0.0,0.0,0.0,1.0
255,@CNN,@AnonHet @CNN OMG this will never get old....,Wed Jun 13 22:36:27 +0000 2018,73,0.0,0.0,0.0,1.0
256,@CNN,RT @CNN: An undocumented immigrant from Honduras sobbed as she told an attorney how federal authorities took her daughter while she breastf‚Ä¶,Wed Jun 13 22:36:24 +0000 2018,74,-0.4404,0.0,0.121,0.879
257,@CNN,"RT @CNN: ""I cannot think of an act that is more cruel and more inhumane than to rip the child from the arms of a mother"": Rep. Luis Gutierr‚Ä¶",Wed Jun 13 22:36:23 +0000 2018,75,-0.624,0.0,0.132,0.868
258,@CNN,"RT @CNN: ""I cannot think of an act that is more cruel and more inhumane than to rip the child from the arms of a mother"": Rep. Luis Gutierr‚Ä¶",Wed Jun 13 22:36:23 +0000 2018,76,-0.624,0.0,0.132,0.868
259,@CNN,@marcorubio @FLGovScott @tedcruz @SenateMajLdr @adamputnam @Trevornoah @maddow @TheEllenShow @MSNBC @CNN @ABC‚Ä¶ https://t.co/LR0hM8m38F,Wed Jun 13 22:36:22 +0000 2018,77,0.0,0.0,0.0,1.0
260,@CNN,@CNN I have no idea who the wee fella is.,Wed Jun 13 22:36:22 +0000 2018,78,-0.296,0.0,0.216,0.784
261,@CNN,RT @KrisAtwood: @senrobportman @CNN @FoxNews Which evil regime are you talking about? The one that arrest parents seeking asylum &amp; cages ch‚Ä¶,Wed Jun 13 22:36:22 +0000 2018,79,-0.7783,0.0,0.254,0.746
262,@CNN,"RT @lmchristi1: The bullies in the sandbox.
They are complete trash.
Zero respect, the most uncouth swamp dwellers on tv. @CNN https://t.co‚Ä¶",Wed Jun 13 22:36:22 +0000 2018,80,0.3687,0.126,0.063,0.811
263,@CNN,@Jack_W002 @OtagOnline @CNN Please enlighten me,Wed Jun 13 22:36:21 +0000 2018,81,0.6808,0.583,0.0,0.417
264,@CNN,@CNN Than don't come into this country illegally,Wed Jun 13 22:36:21 +0000 2018,82,0.0,0.0,0.0,1.0
265,@CNN,"RT @mc12_55: Why isn't every news organization at these detention centers with their cameras?
@AP 
@MSNBC 
@CNN 
@ABC 
@CBSNews 
@maddow 
@‚Ä¶",Wed Jun 13 22:36:20 +0000 2018,83,-0.3612,0.0,0.111,0.889
266,@CNN,#Prediction The Trump-Un agreement will be tossed back n forth like a hot potato (as expected) as @CNN @MSNBC will‚Ä¶ https://t.co/eSkpSnZyLt,Wed Jun 13 22:36:19 +0000 2018,84,0.6908,0.251,0.0,0.749
267,@CNN,"RT @CNN: ""I cannot think of an act that is more cruel and more inhumane than to rip the child from the arms of a mother"": Rep. Luis Gutierr‚Ä¶",Wed Jun 13 22:36:18 +0000 2018,85,-0.624,0.0,0.132,0.868
268,@CNN,@CBSNews @ABC @NBCNews @nytimes @latimes @Newsweek @TIME @parentsmagazine @USATODAY @usnews @washingtonpost‚Ä¶ https://t.co/AvYPeI93nX,Wed Jun 13 22:36:18 +0000 2018,86,0.0,0.0,0.0,1.0
269,@CNN,"RT @CNN: Californians will vote in November whether to separate into three states: California, Northern California and Southern California‚Ä¶",Wed Jun 13 22:36:17 +0000 2018,87,0.0,0.0,0.0,1.0
270,@CNN,"RT @CNN: ""I cannot think of an act that is more cruel and more inhumane than to rip the child from the arms of a mother"": Rep. Luis Gutierr‚Ä¶",Wed Jun 13 22:36:17 +0000 2018,88,-0.624,0.0,0.132,0.868
271,@CNN,@FoxNews @realDonaldTrump Don't think your flattery will get you anywhere. We're not talking about a bunch of craze‚Ä¶ https://t.co/kFki9QSjr2,Wed Jun 13 22:36:16 +0000 2018,89,-0.0762,0.0,0.071,0.929
272,@CNN,RT @ElderLansing: 28 year old Porsha Owens was killed Monday in St. Louis in an apparent car jacking/robbery. Making this tragedy worse is‚Ä¶,Wed Jun 13 22:36:16 +0000 2018,90,-0.9306,0.0,0.391,0.609
273,@CNN,RT @CNN: This raccoon‚Äôs harrowing journey to the top of a building made it an instant internet star https://t.co/c2YJcFgUww https://t.co/Hb‚Ä¶,Wed Jun 13 22:36:16 +0000 2018,91,0.2023,0.091,0.0,0.909
274,@CNN,RT @CNN: What is 5G? It's a wireless network technology that will change everything from how you use your phone to how self-driving cars na‚Ä¶,Wed Jun 13 22:36:16 +0000 2018,92,0.0,0.0,0.0,1.0
275,@CNN,"RT @AnOpenSecret: DOJ Tuesday Morning:
Over 2,300 Pedophiles Arrested In ‚ÄúOperation Broken Heart‚Äù 
383 Child Victims

Covered by @FoxNews‚Ä¶",Wed Jun 13 22:36:15 +0000 2018,93,-0.8176,0.0,0.347,0.653
276,@CNN,RT @CNN: Argentina's Congress is debating whether to liberalize the nation's highly restrictive abortion laws https://t.co/xhftkQRPSi https‚Ä¶,Wed Jun 13 22:36:15 +0000 2018,94,0.0,0.0,0.0,1.0
277,@CNN,RT @CNN: What is 5G? It's a wireless network technology that will change everything from how you use your phone to how self-driving cars na‚Ä¶,Wed Jun 13 22:36:13 +0000 2018,95,0.0,0.0,0.0,1.0
278,@CNN,@gleejr9472 @CNN In NYC of all places!,Wed Jun 13 22:36:11 +0000 2018,96,0.0,0.0,0.0,1.0
279,@CNN,"@CNN No child should be forcefully taken from her/his parent. This is supposed to be a civilized country, not some‚Ä¶ https://t.co/DJoHaqlkkd",Wed Jun 13 22:36:10 +0000 2018,97,-0.296,0.0,0.104,0.896
280,@CNN,RT @lynnhailey1: @senrobportman @CNN @FoxNews Hold president accountable too. He's caving and we're getting nothing.,Wed Jun 13 22:36:09 +0000 2018,98,0.0,0.0,0.0,1.0
281,@CNN,RT @ElderLansing: 28 year old Porsha Owens was killed Monday in St. Louis in an apparent car jacking/robbery. Making this tragedy worse is‚Ä¶,Wed Jun 13 22:36:09 +0000 2018,99,-0.9306,0.0,0.391,0.609
282,@CNN,"RT @CNN: Laura Ingraham says EPA chief Scott Pruitt has ""gotta go.""

The Fox News host has become one of the first of President Trump's top‚Ä¶",Wed Jun 13 22:36:08 +0000 2018,100,0.0,0.0,0.0,1.0
283,@FoxNews,RT @FoxNews: TUNE IN: @BretBaier's must-see interview with President @realDonaldTrump on '@SpecialReport' on Fox News Channel! https://t.co‚Ä¶,Wed Jun 13 22:37:11 +0000 2018,1,0.0,0.0,0.0,1.0
284,@FoxNews,@ElJefeStewart @djenson0610 @Anericangirl2 @FoxNews @KatiePavlich Go take a nap,Wed Jun 13 22:37:11 +0000 2018,2,0.0,0.0,0.0,1.0
285,@FoxNews,"RT @FoxNews: President @realDonaldTrump on NK summit: ""I only consider it successful if it gets done."" #SpecialReport https://t.co/oglrlOMQ‚Ä¶",Wed Jun 13 22:37:11 +0000 2018,3,0.5859,0.183,0.0,0.817
286,@FoxNews,"RT @BretBaier: My interview with @realDonaldTrump aboard Air Force One that aired tonight on @FoxNews #SpecialReport 
https://t.co/YPe1BuzN‚Ä¶",Wed Jun 13 22:37:10 +0000 2018,4,0.0258,0.064,0.0,0.936
287,@FoxNews,"RT @FoxNews: .@JesseBWatters: ""Trump tries to step up and bring peace to the [Korean Peninsula] and all he hears is 100% negativity."" #TheF‚Ä¶",Wed Jun 13 22:37:09 +0000 2018,5,0.5423,0.137,0.0,0.863
288,@FoxNews,"@FoxNews @realDonaldTrump ...but GOP Leaders insisted that ""The President Of The United States Will Not Hold A Summ‚Ä¶ https://t.co/MZDnxm6DgL",Wed Jun 13 22:37:09 +0000 2018,6,0.4215,0.141,0.0,0.859
289,@FoxNews,@FoxNews @WhipHoyer @POTUS @TeamCavuto Idiot! That's why he did it! Strategy! Kim has to be treated the way we want‚Ä¶ https://t.co/siuBqMjUQN,Wed Jun 13 22:37:09 +0000 2018,7,-0.6341,0.0,0.173,0.827
290,@FoxNews,@FoxNews @realDonaldTrump Happy about another promise from a country that's notorious for breaking them? Call me wh‚Ä¶ https://t.co/tJvgs2q9ik,Wed Jun 13 22:37:08 +0000 2018,8,0.4767,0.262,0.127,0.611
291,@FoxNews,"RT @FoxNews: .@LindseyGrahamSC: ""President Trump has done more in 500 days to deal with North Korea than every president in the last 30 yea‚Ä¶",Wed Jun 13 22:37:08 +0000 2018,9,0.0,0.0,0.0,1.0
292,@FoxNews,@FoxNews @POTUS No shit! I think keeping them from becoming a nuclear power has to be done before being able to aff‚Ä¶ https://t.co/X03hbNhi7w,Wed Jun 13 22:37:08 +0000 2018,10,-0.7263,0.0,0.243,0.757
293,@FoxNews,RT @graff50: @FoxNews @realDonaldTrump  https://t.co/U3YAl1w7ih,Wed Jun 13 22:37:06 +0000 2018,11,0.0,0.0,0.0,1.0
294,@FoxNews,RT @ainsleyearhardt: HAPPENING NOW: @POTUS returns from historic summit in #Singapore. @foxandfriends @FoxNews https://t.co/75TO1MZVdz,Wed Jun 13 22:37:04 +0000 2018,12,0.0,0.0,0.0,1.0
295,@FoxNews,@camacho_resists @FoxNews @kimguilfoyle And resistance is not a policy!,Wed Jun 13 22:37:04 +0000 2018,13,0.0,0.0,0.0,1.0
296,@FoxNews,@FoxNews @realDonaldTrump But mostly he is for himself.,Wed Jun 13 22:37:03 +0000 2018,14,0.0,0.0,0.0,1.0
297,@FoxNews,".@FoxNews, why are you accepting the #Leftist trope that #mergers, especially between service providers and content‚Ä¶ https://t.co/sB8AwHl13j",Wed Jun 13 22:37:03 +0000 2018,15,0.3818,0.14,0.0,0.86
298,@FoxNews,@bazzyboy25 @FoxNews https://t.co/FATJlIilX5,Wed Jun 13 22:37:03 +0000 2018,16,0.0,0.0,0.0,1.0
299,@FoxNews,@FoxNews @realDonaldTrump it‚Äôs time to remove AG Session‚Äôs n Rosenstein,Wed Jun 13 22:37:02 +0000 2018,17,0.0,0.0,0.0,1.0
300,@FoxNews,@BretBaier @realDonaldTrump @FoxNews I feel you were trying to sabotage the whole meeting with Kim we all know he‚Äôs‚Ä¶ https://t.co/t6RuhY0RRo,Wed Jun 13 22:37:02 +0000 2018,18,-0.5267,0.0,0.159,0.841
301,@FoxNews,"RT @AnOpenSecret: DOJ Tuesday Morning:
Over 2,300 Pedophiles Arrested In ‚ÄúOperation Broken Heart‚Äù 
383 Child Victims

Covered by @FoxNews‚Ä¶",Wed Jun 13 22:37:01 +0000 2018,19,-0.8176,0.0,0.347,0.653
302,@FoxNews,@FoxNews @KatiePavlich @BarackObama Every president who leaves office to the opposite party feels that way.,Wed Jun 13 22:37:01 +0000 2018,20,0.4019,0.162,0.0,0.838
303,@FoxNews,@FoxNews @realDonaldTrump Prove it.,Wed Jun 13 22:37:00 +0000 2018,21,0.0,0.0,0.0,1.0
304,@FoxNews,@FoxNews @realDonaldTrump Amen,Wed Jun 13 22:36:59 +0000 2018,22,0.0,0.0,0.0,1.0
305,@FoxNews,"@TweetsIn_HD @whitneycovfefe @FoxNews @POTUS Did I patronize you? I just asked a question. Again, why are you so an‚Ä¶ https://t.co/zcXT42OJtb",Wed Jun 13 22:36:59 +0000 2018,23,0.0,0.0,0.0,1.0
306,@FoxNews,"RT @AnOpenSecret: DOJ Tuesday Morning:
Over 2,300 Pedophiles Arrested In ‚ÄúOperation Broken Heart‚Äù 
383 Child Victims

Covered by @FoxNews‚Ä¶",Wed Jun 13 22:36:59 +0000 2018,24,-0.8176,0.0,0.347,0.653
307,@FoxNews,RT @ErikaMcdougall: @foxnews ‚Äú...Splitting California into 3 states initiative has just gained enough support to make it to the ballot this‚Ä¶,Wed Jun 13 22:36:59 +0000 2018,25,0.6486,0.227,0.0,0.773
308,@FoxNews,"RT @AnOpenSecret: DOJ Tuesday Morning:
Over 2,300 Pedophiles Arrested In ‚ÄúOperation Broken Heart‚Äù 
383 Child Victims

Covered by @FoxNews‚Ä¶",Wed Jun 13 22:36:58 +0000 2018,26,-0.8176,0.0,0.347,0.653
309,@FoxNews,@Cassizzi @whitneycovfefe @FoxNews @POTUS I‚Äôm going by your obnoxious response to mrs Whitney,Wed Jun 13 22:36:58 +0000 2018,27,-0.4588,0.0,0.2,0.8
310,@FoxNews,@MichaelMores1 @kimspinz3 @FoxNews @KatiePavlich @BarackObama @FoxNewsInsider Me tooüòÇüòÇüòÇ,Wed Jun 13 22:36:58 +0000 2018,28,0.0,0.0,0.0,1.0
311,@FoxNews,RT @FoxNews: Stage set for bombshell IG report on Clinton email case: Who's in the crosshairs? https://t.co/sZaf3UMBCh,Wed Jun 13 22:36:58 +0000 2018,29,0.0,0.0,0.0,1.0
312,@FoxNews,@MeetMeAtMendys @FoxNews Evil evil man,Wed Jun 13 22:36:58 +0000 2018,30,-0.8689,0.0,0.746,0.254
313,@FoxNews,@masoodratvi @FoxNews @realDonaldTrump For criminal behavior and total disregard for human life,Wed Jun 13 22:36:58 +0000 2018,31,-0.6705,0.0,0.355,0.645
314,@FoxNews,RT @SebGorka: Live from Singapore now with @SaraCarterDC and @danielhoffmanDC responding to @seanhannity‚Äôs Exclusive post-Summit interview‚Ä¶,Wed Jun 13 22:36:57 +0000 2018,32,0.128,0.091,0.0,0.909
315,@FoxNews,"RT @FoxNews: .@TomFitton: ""This Justice Department is defending the corruption of the last Justice Department."" https://t.co/k4VWaWZ4QT",Wed Jun 13 22:36:56 +0000 2018,33,0.7783,0.327,0.0,0.673
316,@FoxNews,RT @shamba_lin: @FoxNews @realDonaldTrump  https://t.co/mYB5imbTgP,Wed Jun 13 22:36:56 +0000 2018,34,0.0,0.0,0.0,1.0
317,@FoxNews,@FoxNews @realDonaldTrump Doesn‚Äôt China have their own nukes?,Wed Jun 13 22:36:56 +0000 2018,35,0.0,0.0,0.0,1.0
318,@FoxNews,"RT @BretBaier: My interview with @realDonaldTrump aboard Air Force One that aired tonight on @FoxNews #SpecialReport 
https://t.co/YPe1BuzN‚Ä¶",Wed Jun 13 22:36:56 +0000 2018,36,0.0258,0.064,0.0,0.936
319,@FoxNews,RT @graff50: @FoxNews @realDonaldTrump  https://t.co/U3YAl1w7ih,Wed Jun 13 22:36:54 +0000 2018,37,0.0,0.0,0.0,1.0
320,@FoxNews,RT @FoxNews: Don't miss @BretBaier's must-see interview with President @realDonaldTrump tonight on '@SpecialReport' at 6p ET. https://t.co/‚Ä¶,Wed Jun 13 22:36:54 +0000 2018,38,0.1139,0.083,0.0,0.917
321,@FoxNews,RT @FoxNews: Musician @KidRock Endorses GOP Senate Candidate in Michigan https://t.co/jrdmLKUNHu,Wed Jun 13 22:36:54 +0000 2018,39,0.34,0.194,0.0,0.806
322,@FoxNews,@FoxNews @realDonaldTrump Yes you are totally right that document that dumb and dumber sign at the summit saids it all,Wed Jun 13 22:36:53 +0000 2018,40,-0.4767,0.106,0.227,0.667
323,@FoxNews,"@FoxNews @realDonaldTrump There are so many things wrong with that sentence. 
It‚Äôs all about money laundering and t‚Ä¶ https://t.co/TKL48dMO8S",Wed Jun 13 22:36:52 +0000 2018,41,-0.4703,0.06,0.155,0.785
324,@FoxNews,@FoxNews @realDonaldTrump Actions speak louder than words. You talk about Russia and Putin all the time. You fawn o‚Ä¶ https://t.co/Yb5EaDYDQb,Wed Jun 13 22:36:52 +0000 2018,42,0.0,0.0,0.0,1.0
325,@FoxNews,@FoxNews I used to live in San Antonio a long time ago and illegals would be on the corners very early in the morni‚Ä¶ https://t.co/0KQSrOd3TE,Wed Jun 13 22:36:52 +0000 2018,43,0.0,0.0,0.0,1.0
326,@FoxNews,"RT @FoxNews: President @realDonaldTrump: ""I think China really would like to see no nuclear weapons...Whether you're semi-friendly with a n‚Ä¶",Wed Jun 13 22:36:51 +0000 2018,44,0.1477,0.126,0.1,0.773
327,@FoxNews,@FoxNews @realDonaldTrump Yes two smart LIKE really smart stable Dictators,Wed Jun 13 22:36:50 +0000 2018,45,0.9155,0.734,0.0,0.266
328,@FoxNews,"RT @FoxNews: John Schneider speaks out after leaving jail, says 'there's a bias against conservatives' in Hollywood (via @Sashafb) https://‚Ä¶",Wed Jun 13 22:36:50 +0000 2018,46,-0.1027,0.0,0.072,0.928
329,@FoxNews,RT @FoxNews: 54 illegal immigrants found in truck near San Antonio airport https://t.co/vV4TvjohWU,Wed Jun 13 22:36:49 +0000 2018,47,-0.5574,0.0,0.231,0.769
330,@FoxNews,RT @kfredrick15: @senrobportman @CNN @FoxNews Skepticism? Your constituents are worried about this destabilization with a nuclear power and‚Ä¶,Wed Jun 13 22:36:49 +0000 2018,48,-0.4939,0.0,0.219,0.781
331,@FoxNews,"RT @LindaMBigK9z: @T_Bone1964 @FoxNews @realDonaldTrump ""Hi Kim. This is Donald Trump. I'm just wondering how many nukes you have. Any idea‚Ä¶",Wed Jun 13 22:36:49 +0000 2018,49,0.0,0.0,0.0,1.0
332,@FoxNews,"RT @FoxNews: President @realDonaldTrump on NK summit: ""I only consider it successful if it gets done."" #SpecialReport https://t.co/oglrlOMQ‚Ä¶",Wed Jun 13 22:36:49 +0000 2018,50,0.5859,0.183,0.0,0.817
333,@FoxNews,@BretBaier @realDonaldTrump @FoxNews Excellent,Wed Jun 13 22:36:49 +0000 2018,51,0.5719,0.552,0.0,0.448
334,@FoxNews,@FoxNews @realDonaldTrump One of the rules of negotiating.  Make the other side think they are doing great at negotiating.,Wed Jun 13 22:36:48 +0000 2018,52,0.6249,0.186,0.0,0.814
335,@FoxNews,@KimballElena @Toni001635Toni @FoxNews @realDonaldTrump Do you not understand how investigations work?,Wed Jun 13 22:36:47 +0000 2018,53,0.0,0.0,0.0,1.0
336,@FoxNews,@FoxNews @JeffFlake Flake is a Flake &amp; needs to be replaced,Wed Jun 13 22:36:47 +0000 2018,54,0.0,0.0,0.0,1.0
337,@FoxNews,"RT @FoxNews: .@RepJeffDenham: ""This should be a bipartisan compromise... This does do away with the diversity lottery as well as has $25 bi‚Ä¶",Wed Jun 13 22:36:47 +0000 2018,55,0.2732,0.091,0.0,0.909
338,@FoxNews,@Arriadna @realDonaldTrump @FoxNews  https://t.co/M5PIGj2tMX,Wed Jun 13 22:36:47 +0000 2018,56,0.0,0.0,0.0,1.0
339,@FoxNews,"RT @FoxNews: President @realDonaldTrump on Kim Jong Un: ""He's a very smart guy, he's a great negotiator, but I think we understand each oth‚Ä¶",Wed Jun 13 22:36:47 +0000 2018,57,0.5494,0.193,0.0,0.807
340,@FoxNews,RT @FoxNews: .@realDonaldTrump-backed candidate @karringtonsc ousts incumbent South Carolina Congressman @MarkSanford in GOP primary. @Chad‚Ä¶,Wed Jun 13 22:36:46 +0000 2018,58,0.0,0.0,0.0,1.0
341,@FoxNews,"RT @FoxNews: President @realDonaldTrump: ""I think China really would like to see no nuclear weapons...Whether you're semi-friendly with a n‚Ä¶",Wed Jun 13 22:36:46 +0000 2018,59,0.1477,0.126,0.1,0.773
342,@FoxNews,@DJCreeper75 @FoxNews https://t.co/FATJlIilX5,Wed Jun 13 22:36:45 +0000 2018,60,0.0,0.0,0.0,1.0
343,@FoxNews,"RT @FoxNews: .@LindseyGrahamSC: ""President Trump has done more in 500 days to deal with North Korea than every president in the last 30 yea‚Ä¶",Wed Jun 13 22:36:45 +0000 2018,61,0.0,0.0,0.0,1.0
344,@FoxNews,@FoxNews @realDonaldTrump  https://t.co/TpO9hlLcQS,Wed Jun 13 22:36:45 +0000 2018,62,0.0,0.0,0.0,1.0
345,@FoxNews,"RT @FoxNews: President @realDonaldTrump on Kim Jong Un: ""He's a very smart guy, he's a great negotiator, but I think we understand each oth‚Ä¶",Wed Jun 13 22:36:45 +0000 2018,63,0.5494,0.193,0.0,0.807
346,@FoxNews,"RT @FoxNews: President @realDonaldTrump on summit outcome: ""People are really happy about it, even I would say non-Trump fans."" #SpecialRep‚Ä¶",Wed Jun 13 22:36:45 +0000 2018,64,0.6115,0.182,0.0,0.818
347,@FoxNews,RT @FoxNews: .@KatiePavlich: @BarackObama Is Frustrated That Trump Has 'Destroyed' His Legacy. https://t.co/cOKoad2Rnp,Wed Jun 13 22:36:44 +0000 2018,65,-0.5267,0.0,0.221,0.779
348,@FoxNews,RT @Edwardsinchains: @FoxNews @realDonaldTrump  https://t.co/uaGDHXNDrh,Wed Jun 13 22:36:43 +0000 2018,66,0.0,0.0,0.0,1.0
349,@FoxNews,@JoMajority @FoxNews Yawn,Wed Jun 13 22:36:43 +0000 2018,67,0.0,0.0,0.0,1.0
350,@FoxNews,RT @FoxNews: JUST IN: @POTUS suggests to Fox News he could set aside concerns over Kim Jong Un‚Äôs human rights abuses in pursuit of a denucl‚Ä¶,Wed Jun 13 22:36:43 +0000 2018,68,-0.5574,0.0,0.13,0.87
351,@FoxNews,"@FoxNews @RepSwalwell @DevinNunes You can take that to the bank coming from 
Adam Schiff's   NUT BUTLER  Swalwell.‚Ä¶ https://t.co/dT0Vs1jaut",Wed Jun 13 22:36:43 +0000 2018,69,0.0,0.0,0.0,1.0
352,@FoxNews,"@FoxNews @KatiePavlich @BarackObama Nice try. Obamas legacy rests in the hearts,minds and attitudes of the‚Ä¶ https://t.co/0tEZKy5LVi",Wed Jun 13 22:36:41 +0000 2018,70,0.4215,0.157,0.0,0.843
353,@FoxNews,"RT @BretBaier: My interview with @realDonaldTrump aboard Air Force One that aired tonight on @FoxNews #SpecialReport 
https://t.co/YPe1BuzN‚Ä¶",Wed Jun 13 22:36:41 +0000 2018,71,0.0258,0.064,0.0,0.936
354,@FoxNews,RT @ak48er: @FoxNews @realDonaldTrump Very weak deal making.  Not worth the paper it's written on.  #TrumpRussia,Wed Jun 13 22:36:41 +0000 2018,72,-0.3167,0.1,0.167,0.733
355,@FoxNews,@BretBaier @realDonaldTrump @FoxNews Youre a hack glad it was showed again by this interview,Wed Jun 13 22:36:41 +0000 2018,73,0.4588,0.2,0.0,0.8
356,@FoxNews,"RT @FoxNews: President @realDonaldTrump on NK summit: ""I only consider it successful if it gets done."" #SpecialReport https://t.co/oglrlOMQ‚Ä¶",Wed Jun 13 22:36:40 +0000 2018,74,0.5859,0.183,0.0,0.817
357,@FoxNews,@FoxNews @realDonaldTrump Trump is far into schitt with  Russia even Hannity will have to sit down to take a breath‚Ä¶ https://t.co/Ncq3RvEeUD,Wed Jun 13 22:36:40 +0000 2018,75,0.0,0.0,0.0,1.0
358,@FoxNews,@FoxNews @POTUS What POTUS meant was that he was working on first things first; get the Nuke threat settled then work on human rights.,Wed Jun 13 22:36:39 +0000 2018,76,-0.5267,0.0,0.129,0.871
359,@FoxNews,@FoxNews @realDonaldTrump Sure https://t.co/Efo3wiEdfl,Wed Jun 13 22:36:39 +0000 2018,77,0.3182,0.434,0.0,0.566
360,@FoxNews,RT @FoxNews: Larry Kudlow released from hospital after heart attack. https://t.co/Eemohxjo1E,Wed Jun 13 22:36:39 +0000 2018,78,-0.4767,0.0,0.237,0.763
361,@FoxNews,"@LindaFleenor2 @FoxNews @realDonaldTrump And then Trump told Kim Jong Un, ‚ÄúSee that? that‚Äôs Linda, she is what we c‚Ä¶ https://t.co/sJP8Yo5ypW",Wed Jun 13 22:36:39 +0000 2018,79,0.0,0.0,0.0,1.0
362,@FoxNews,@BretBaier @realDonaldTrump @FoxNews  https://t.co/wqSC9stpcz,Wed Jun 13 22:36:39 +0000 2018,80,0.0,0.0,0.0,1.0
363,@FoxNews,"@FoxNews @POTUS Thank you President Trump!  That's called prioritizing, and anyone thinking logically should realiz‚Ä¶ https://t.co/rG6uGYNX4o",Wed Jun 13 22:36:39 +0000 2018,81,0.4199,0.157,0.0,0.843
364,@FoxNews,"RT @FoxNews: Alice Marie Johnson: ""We must as a nation get behind families again... The family is the core."" https://t.co/KgJx5BhRGK",Wed Jun 13 22:36:39 +0000 2018,82,0.0,0.0,0.0,1.0
365,@FoxNews,"RT @FoxNews: President @realDonaldTrump on NK summit: ""I only consider it successful if it gets done."" #SpecialReport https://t.co/oglrlOMQ‚Ä¶",Wed Jun 13 22:36:37 +0000 2018,83,0.5859,0.183,0.0,0.817
366,@FoxNews,RT @FoxNews: Tourists plunge 100 feet to their death while taking selfie on wall above popular Portuguese beach https://t.co/JB1GLz17cb,Wed Jun 13 22:36:37 +0000 2018,84,-0.2732,0.118,0.165,0.717
367,@FoxNews,@FoxNews @POTUS What about Fox News‚Äô Human Rights abuses?,Wed Jun 13 22:36:36 +0000 2018,85,-0.5574,0.0,0.31,0.69
368,@FoxNews,@FoxNews @POTUS Congratulations Republicans you elected your own obama.,Wed Jun 13 22:36:35 +0000 2018,86,0.5994,0.328,0.0,0.672
369,@FoxNews,@SemprFrosty @RW352 @FoxNews @KatiePavlich @BarackObama ü§£ü§£ü§£ü§£üòÇüòÇüòÇ,Wed Jun 13 22:36:34 +0000 2018,87,0.0,0.0,0.0,1.0
370,@FoxNews,@FoxNews @realDonaldTrump Trump showing that it's never too late to change a key policy position.,Wed Jun 13 22:36:34 +0000 2018,88,0.0,0.0,0.0,1.0
371,@FoxNews,@FoxNews @JanetB95072538 I hope the truck was hot and tight.,Wed Jun 13 22:36:34 +0000 2018,89,0.4404,0.266,0.0,0.734
372,@FoxNews,"RT @FoxNews: ""We have 32,000 soldiers in South Korea. I'd like to get them home.""

TONIGHT: President @realDonaldTrump sits down with @Bret‚Ä¶",Wed Jun 13 22:36:33 +0000 2018,90,0.3612,0.106,0.0,0.894
373,@FoxNews,@FoxNews @realDonaldTrump Are you saying that to Putin or Mueller?  lol,Wed Jun 13 22:36:33 +0000 2018,91,0.4215,0.219,0.0,0.781
374,@FoxNews,"RT @FoxNews: President @realDonaldTrump: ""I'm not for Russia, I'm for the United States."" #SpecialReport https://t.co/VRpW5XL5du",Wed Jun 13 22:36:33 +0000 2018,92,0.4215,0.167,0.0,0.833
375,@FoxNews,"@missygirl32 @FoxNews @KatiePavlich @BarackObama Trump is worried about going to prison, not his legacy.",Wed Jun 13 22:36:31 +0000 2018,93,-0.6705,0.0,0.314,0.686
376,@FoxNews,@LisaCavanaugh9 @FoxNews My next AR 15 https://t.co/SZw3qsrJFZ,Wed Jun 13 22:36:31 +0000 2018,94,0.0,0.0,0.0,1.0
377,@FoxNews,"RT @FoxNews: President @realDonaldTrump: ""I think China really would like to see no nuclear weapons...Whether you're semi-friendly with a n‚Ä¶",Wed Jun 13 22:36:31 +0000 2018,95,0.1477,0.126,0.1,0.773
378,@FoxNews,@KristenInVA @G99Greg @FoxNews @KatiePavlich Boo hoo,Wed Jun 13 22:36:30 +0000 2018,96,0.0,0.0,0.0,1.0
379,@FoxNews,"RT @AnOpenSecret: DOJ Tuesday Morning:
Over 2,300 Pedophiles Arrested In ‚ÄúOperation Broken Heart‚Äù 
383 Child Victims

Covered by @FoxNews‚Ä¶",Wed Jun 13 22:36:30 +0000 2018,97,-0.8176,0.0,0.347,0.653
380,@FoxNews,"@FoxNews @KellyannePolls @foxandfriends Yeah, grown men love making minimum wage. And taxpayers love subsidizing th‚Ä¶ https://t.co/ZJ7kjYsGNF",Wed Jun 13 22:36:29 +0000 2018,98,0.891,0.449,0.0,0.551
381,@FoxNews,"RT @FoxNews: President @realDonaldTrump: ""We have 32,000 soldiers in South Korea. I'd like to get them home...But it is not on the table ri‚Ä¶",Wed Jun 13 22:36:29 +0000 2018,99,0.3612,0.098,0.0,0.902
382,@FoxNews,"@FoxNews @realDonaldTrump This is the worst episode of ""The Americans"" yet.",Wed Jun 13 22:36:29 +0000 2018,100,-0.6249,0.0,0.291,0.709
383,@nytimes,"RT @nytimes: First, Canada tried to charm President Trump. But now its government officials are waging a campaign against an American trade‚Ä¶",Wed Jun 13 22:37:12 +0000 2018,1,0.4019,0.119,0.0,0.881
384,@nytimes,"RT @nytimes: Federal net neutrality rules are officially repealed. Here's what that could mean, and why it may not matter if you live in so‚Ä¶",Wed Jun 13 22:37:08 +0000 2018,2,-0.0191,0.0,0.043,0.957
385,@nytimes,"RT @newtgingrich: Just found out that my new book, Trump's America, is a @nytimes best seller in its first week! Thank you to everyone who‚Ä¶",Wed Jun 13 22:37:06 +0000 2018,3,0.7901,0.241,0.0,0.759
386,@nytimes,"RT @DavidCayJ: ONLY @latimes got hed right on Singapore: ""Summit Fails to Produce Disarmament Plan."" Trumpian propaganda in heds @nytimes,‚Ä¶",Wed Jun 13 22:37:06 +0000 2018,4,-0.5859,0.0,0.211,0.789
387,@nytimes,"RT @newtgingrich: Just found out that my new book, Trump's America, is a @nytimes best seller in its first week! Thank you to everyone who‚Ä¶",Wed Jun 13 22:37:02 +0000 2018,5,0.7901,0.241,0.0,0.759
388,@nytimes,"RT @nytimes: In much of the U.S., the stereotype that boys do better than girls at math isn‚Äôt true. But there‚Äôs a notable exception. https:‚Ä¶",Wed Jun 13 22:36:59 +0000 2018,6,0.5267,0.197,0.079,0.724
389,@nytimes,RT @nytimes: Coal keeps getting edged out by cheaper and cleaner alternatives https://t.co/nQ2VKwxTOo,Wed Jun 13 22:36:59 +0000 2018,7,0.1779,0.124,0.0,0.876
390,@nytimes,"RT @nytimes: Comcast offered $65 billion in cash for most of 21st Century Fox, setting the stage for a bidding war with Disney https://t.co‚Ä¶",Wed Jun 13 22:36:57 +0000 2018,8,-0.5994,0.0,0.151,0.849
391,@nytimes,RT @B52Malmet: I was feeling down. But this next level trolling from ‚Å¶@nytimes‚Å© turned that frown around.  https://t.co/gmzJqAmpYG,Wed Jun 13 22:36:57 +0000 2018,9,0.128,0.086,0.0,0.914
392,@nytimes,"RT @VPCinfo: How closely are you following the news on guns? Take this quiz to find out:
(via @nytimes)
https://t.co/vhtxe5oRxm",Wed Jun 13 22:36:55 +0000 2018,10,0.0,0.0,0.0,1.0
393,@nytimes,RT @nytimes: Many in this Tennessee town supported Trump. But when the one of the biggest workplace raids of his administration happened to‚Ä¶,Wed Jun 13 22:36:53 +0000 2018,11,0.3182,0.095,0.0,0.905
394,@nytimes,"RT @nytimes: Antarctica is melting faster. The rate at which it is losing ice has more than doubled since 2012, according to the latest ava‚Ä¶",Wed Jun 13 22:36:52 +0000 2018,12,-0.3818,0.0,0.098,0.902
395,@nytimes,RT @nytimes: Betsy DeVos disregarded a scathing report by her own staff when she reinstated an accrediting group tied to the collapse of ma‚Ä¶,Wed Jun 13 22:36:52 +0000 2018,13,-0.7003,0.0,0.216,0.784
396,@nytimes,"RT @newtgingrich: Just found out that my new book, Trump's America, is a @nytimes best seller in its first week! Thank you to everyone who‚Ä¶",Wed Jun 13 22:36:45 +0000 2018,14,0.7901,0.241,0.0,0.759
397,@nytimes,RT @Nigel_Farage: I don‚Äôt usually agree with @nytimes but Mark Thompson is right here. The newspaper is opposing Facebook‚Äôs sinister plans‚Ä¶,Wed Jun 13 22:36:38 +0000 2018,15,-0.6808,0.07,0.213,0.717
398,@nytimes,RT @nytimes: Coal keeps getting edged out by cheaper and cleaner alternatives https://t.co/nQ2VKwxTOo,Wed Jun 13 22:36:38 +0000 2018,16,0.1779,0.124,0.0,0.876
399,@nytimes,"RT @nytimes: Breaking News: The House will vote on 2 immigration bills next week, defusing a rebellion by Republican moderates in a difficu‚Ä¶",Wed Jun 13 22:36:37 +0000 2018,17,-0.128,0.0,0.073,0.927
400,@nytimes,"RT @newtgingrich: Just found out that my new book, Trump's America, is a @nytimes best seller in its first week! Thank you to everyone who‚Ä¶",Wed Jun 13 22:36:37 +0000 2018,18,0.7901,0.241,0.0,0.759
401,@nytimes,RT @enhance: Earth Will Survive. We May Not.   via @NYTimes https://t.co/PI3jjBsOKN,Wed Jun 13 22:36:32 +0000 2018,19,0.0,0.0,0.0,1.0
402,@nytimes,"RT @newtgingrich: Just found out that my new book, Trump's America, is a @nytimes best seller in its first week! Thank you to everyone who‚Ä¶",Wed Jun 13 22:36:26 +0000 2018,20,0.7901,0.241,0.0,0.759
403,@nytimes,"RT @DavidCayJ: ONLY @latimes got hed right on Singapore: ""Summit Fails to Produce Disarmament Plan."" Trumpian propaganda in heds @nytimes,‚Ä¶",Wed Jun 13 22:36:19 +0000 2018,21,-0.5859,0.0,0.211,0.789
404,@nytimes,"@nytopinion @nytimes @FrankBruni So, no matter how civil/polite most Democrats r most of the time &amp; how civil our p‚Ä¶ https://t.co/Q3egujNs3G",Wed Jun 13 22:36:19 +0000 2018,22,-0.2766,0.063,0.114,0.823
405,@nytimes,@CBSNews @ABC @NBCNews @nytimes @latimes @Newsweek @TIME @parentsmagazine @USATODAY @usnews @washingtonpost‚Ä¶ https://t.co/AvYPeI93nX,Wed Jun 13 22:36:18 +0000 2018,23,0.0,0.0,0.0,1.0
406,@nytimes,@JamesTKirk66 @eachus @TomShillueShow @michaelmalice @realDonaldTrump @nytimes The process for legal immigration ap‚Ä¶ https://t.co/EltuhloKCL,Wed Jun 13 22:36:17 +0000 2018,24,0.128,0.111,0.0,0.889
407,@nytimes,@Abzeve1 @SuddhanSadaf30 @UN_Spokesperson @UN_PGA @pid_gov @IntlCrimCourt @Imran_HussainMP @AlJazeera @UNGeneva‚Ä¶ https://t.co/c7gGriwnLN,Wed Jun 13 22:36:14 +0000 2018,25,0.0,0.0,0.0,1.0
408,@nytimes,".@NYTimes: ""Antarctica Is Melting More Than Twice as Fast as in 2012""

Looks at chart. ü§î. Looks about the same. https://t.co/4U1dLZeQK0",Wed Jun 13 22:36:13 +0000 2018,26,0.0,0.0,0.0,1.0
409,@nytimes,"""Apple to Close iPhone Security Hole That Police Use to Crack Devices"" by JACK NICAS via @nytimes https://t.co/9VZ9fTn2KG",Wed Jun 13 22:36:09 +0000 2018,27,0.34,0.124,0.0,0.876
410,@nytimes,"RT @newtgingrich: Just found out that my new book, Trump's America, is a @nytimes best seller in its first week! Thank you to everyone who‚Ä¶",Wed Jun 13 22:36:08 +0000 2018,28,0.7901,0.241,0.0,0.759
411,@nytimes,"RT @AylaWife: The @nytimes has told us this week that...

-  Housewives are white supremacists 

- Christians destroyed civilization 

- Ro‚Ä¶",Wed Jun 13 22:36:07 +0000 2018,29,-0.6369,0.0,0.245,0.755
412,@nytimes,RT @nytimes: Many in this Tennessee town supported Trump. But when the one of the biggest workplace raids of his administration happened to‚Ä¶,Wed Jun 13 22:36:06 +0000 2018,30,0.3182,0.095,0.0,0.905
413,@nytimes,@realDonaldTrump When #GOP was bent on frustrating @POTUS44 for 8yrs they forgot that they were fanning the flames‚Ä¶ https://t.co/YQ40mTmWQa,Wed Jun 13 22:36:05 +0000 2018,31,-0.4404,0.0,0.139,0.861
414,@nytimes,"RT @newtgingrich: Just found out that my new book, Trump's America, is a @nytimes best seller in its first week! Thank you to everyone who‚Ä¶",Wed Jun 13 22:36:04 +0000 2018,32,0.7901,0.241,0.0,0.759
415,@nytimes,RT @nytimes: Betsy DeVos disregarded a scathing report by her own staff when she reinstated an accrediting group tied to the collapse of ma‚Ä¶,Wed Jun 13 22:36:02 +0000 2018,33,-0.7003,0.0,0.216,0.784
416,@nytimes,"""Common Drugs May Be Contributing to Depression"" by RONI CARYN RABIN via NYT Well https://t.co/7H2pkNbNhW via @nytimes",Wed Jun 13 22:36:01 +0000 2018,34,-0.3818,0.101,0.178,0.721
417,@nytimes,"RT @newtgingrich: Just found out that my new book, Trump's America, is a @nytimes best seller in its first week! Thank you to everyone who‚Ä¶",Wed Jun 13 22:35:57 +0000 2018,35,0.7901,0.241,0.0,0.759
418,@nytimes,"RT @newtgingrich: Just found out that my new book, Trump's America, is a @nytimes best seller in its first week! Thank you to everyone who‚Ä¶",Wed Jun 13 22:35:49 +0000 2018,36,0.7901,0.241,0.0,0.759
419,@nytimes,"""Ryan Sets Votes on #Immigration as Moderates‚Äô Revolt Falls Short"" https://t.co/FvkyEez6Kk, @nytimes. #DACA",Wed Jun 13 22:35:48 +0000 2018,37,0.0,0.0,0.0,1.0
420,@nytimes,RT @Nigel_Farage: I don‚Äôt usually agree with @nytimes but Mark Thompson is right here. The newspaper is opposing Facebook‚Äôs sinister plans‚Ä¶,Wed Jun 13 22:35:42 +0000 2018,38,-0.6808,0.07,0.213,0.717
421,@nytimes,RT @Ian56789: #FakeNews @NYTimes Carries Israel's Official Explanation For Attack on Murdered Palestinian Nurse - Only Reveals It‚Äôs a Delib‚Ä¶,Wed Jun 13 22:35:42 +0000 2018,39,-0.8176,0.0,0.319,0.681
422,@nytimes,RT @nytimes: Helping a depressed loved one can be exhausting and frustrating. Don't give up. Here are some tips.,Wed Jun 13 22:35:41 +0000 2018,40,-0.3818,0.219,0.313,0.468
423,@nytimes,"RT @petefrt: STAY TUNED! Dem Rep. Adam Schiff is setting the Resistance up for a MAJOR disappointment 

@ABC @CBSNews @NBCNews @CNN @PBS @M‚Ä¶",Wed Jun 13 22:35:31 +0000 2018,41,-0.5562,0.0,0.146,0.854
424,@nytimes,"RT @MrAdamSiddique: @nytimes profiles Tim Winton. Australia‚Äôs Living Legend: A Surfer, Environmentalist and Novelist https://t.co/9gMN40xeMg",Wed Jun 13 22:35:29 +0000 2018,42,0.0,0.0,0.0,1.0
425,@nytimes,RT @nytimes: Betsy DeVos disregarded a scathing report by her own staff when she reinstated an accrediting group tied to the collapse of ma‚Ä¶,Wed Jun 13 22:35:27 +0000 2018,43,-0.7003,0.0,0.216,0.784
426,@nytimes,@bessbell @VP @Twitter @nytimes It was from the 3rd Reich.,Wed Jun 13 22:35:26 +0000 2018,44,0.0,0.0,0.0,1.0
427,@nytimes,"RT @AhmerTurkmen: In a closed meeting, Erdogan orders his party executives to take every measure in order to leave pro Kurdish #HDP below t‚Ä¶",Wed Jun 13 22:35:25 +0000 2018,45,0.3612,0.108,0.048,0.843
428,@nytimes,RT @nytimes: Betsy DeVos disregarded a scathing report by her own staff when she reinstated an accrediting group tied to the collapse of ma‚Ä¶,Wed Jun 13 22:35:24 +0000 2018,46,-0.7003,0.0,0.216,0.784
429,@nytimes,"RT @AslaUnutma123: In a closed meeting, Erdogan orders his party executives to take every measure in order to leave pro Kurdish #HDP below‚Ä¶",Wed Jun 13 22:35:19 +0000 2018,47,0.3612,0.113,0.05,0.837
430,@nytimes,RT @nytimes: The Taxi of Tomorrow was supposed to become the standard cab in New York City. Now the city has abandoned that idea. https://t‚Ä¶,Wed Jun 13 22:35:16 +0000 2018,48,-0.4588,0.0,0.111,0.889
431,@nytimes,"For Survivors of a 9-Hour Chinese Exam, a Door Opens to America   via @NYTimes https://t.co/6AiJjdVTiF",Wed Jun 13 22:35:14 +0000 2018,49,0.0,0.0,0.0,1.0
432,@nytimes,"RT @nytimes: Antarctica is melting faster. The rate at which it is losing ice has more than doubled since 2012, according to the latest ava‚Ä¶",Wed Jun 13 22:35:13 +0000 2018,50,-0.3818,0.0,0.098,0.902
433,@nytimes,RT @gethimouttahere: @MichaelCohen212 @CNN @FoxNews @ABC @AP @nytimes @washingtonpost @latimes @WSJ @NBCNews  https://t.co/lIKYE2cSFq,Wed Jun 13 22:35:13 +0000 2018,51,0.0,0.0,0.0,1.0
434,@nytimes,"RT @DavidCayJ: ONLY @latimes got hed right on Singapore: ""Summit Fails to Produce Disarmament Plan."" Trumpian propaganda in heds @nytimes,‚Ä¶",Wed Jun 13 22:35:12 +0000 2018,52,-0.5859,0.0,0.211,0.789
435,@nytimes,"@EricShapiro3 @NYTimes That's so wrong. What do YOU think Trump's approval ratings are, hmmm? He does NOT have the‚Ä¶ https://t.co/VmlWTnZWOF",Wed Jun 13 22:35:11 +0000 2018,53,-0.2243,0.124,0.159,0.717
436,@nytimes,"RT @nytimes: In Opinion

Op-Ed columnist @NickKristof writes, ""Kim seems to have completely out-negotiated Trump, and it's scary that Trump‚Ä¶",Wed Jun 13 22:35:07 +0000 2018,54,-0.4939,0.0,0.144,0.856
437,@nytimes,"RT @AylaWife: The @nytimes has told us this week that...

-  Housewives are white supremacists 

- Christians destroyed civilization 

- Ro‚Ä¶",Wed Jun 13 22:35:06 +0000 2018,55,-0.6369,0.0,0.245,0.755
438,@nytimes,"RT @nytimes: First, Canada tried to charm President Trump. But now its government officials are waging a campaign against an American trade‚Ä¶",Wed Jun 13 22:35:04 +0000 2018,56,0.4019,0.119,0.0,0.881
439,@nytimes,"RT @nytimes: Comcast offered $65 billion in cash for most of 21st Century Fox, setting the stage for a bidding war with Disney https://t.co‚Ä¶",Wed Jun 13 22:35:03 +0000 2018,57,-0.5994,0.0,0.151,0.849
440,@nytimes,"RT @cunyjschool: .@nytimes recently sent photographer @alfiky_amr to Florida, Ohio, Oklahoma and Virginia for a story about Muslim gun owne‚Ä¶",Wed Jun 13 22:35:01 +0000 2018,58,-0.34,0.0,0.118,0.882
441,@nytimes,@nytimes  https://t.co/lUJb8LKXdK,Wed Jun 13 22:34:59 +0000 2018,59,0.0,0.0,0.0,1.0
442,@nytimes,RT @nytimes: Breaking News: Apple said it was closing a loophole in iPhones that law enforcement agencies used to access locked devices htt‚Ä¶,Wed Jun 13 22:34:58 +0000 2018,60,0.0,0.0,0.0,1.0
443,@nytimes,@MichaelCohen212 @CNN @FoxNews @ABC @AP @nytimes @washingtonpost @latimes @WSJ @NBCNews Your going Down ....just te‚Ä¶ https://t.co/p1rZecGIr5,Wed Jun 13 22:34:56 +0000 2018,61,0.0,0.0,0.0,1.0
444,@nytimes,"@nytimes Those things were loud, have no suspension or shocks, so bouncy, and just uncomfortable",Wed Jun 13 22:34:56 +0000 2018,62,-0.7506,0.0,0.381,0.619
445,@nytimes,"RT @newtgingrich: Just found out that my new book, Trump's America, is a @nytimes best seller in its first week! Thank you to everyone who‚Ä¶",Wed Jun 13 22:34:56 +0000 2018,63,0.7901,0.241,0.0,0.759
446,@nytimes,"RT @newtgingrich: Just found out that my new book, Trump's America, is a @nytimes best seller in its first week! Thank you to everyone who‚Ä¶",Wed Jun 13 22:34:55 +0000 2018,64,0.7901,0.241,0.0,0.759
447,@nytimes,RT @BethKobliner: A fantastic @NYTimes essay by a 16-year-old about why our nation‚Äôs schools need financial literacy classes. https://t.co/‚Ä¶,Wed Jun 13 22:34:55 +0000 2018,65,0.5574,0.184,0.0,0.816
448,@nytimes,@nytimes Liberal ideas always fail,Wed Jun 13 22:34:54 +0000 2018,66,-0.5423,0.0,0.467,0.533
449,@nytimes,"@cnn @washingtonpost  @MSNBC  @nytimes 

Anything from you four new outlets? Any coverage at all? Nothing? Just cri‚Ä¶ https://t.co/uwEuzhICXd",Wed Jun 13 22:34:54 +0000 2018,67,0.0,0.0,0.0,1.0
450,@nytimes,"RT @nytimes: Antarctica is melting faster. The rate at which it is losing ice has more than doubled since 2012, according to the latest ava‚Ä¶",Wed Jun 13 22:34:53 +0000 2018,68,-0.3818,0.0,0.098,0.902
451,@nytimes,@NSVRC @rapevictimadv @nytimes What do they expect *women* to do about it?  Shouldn't they be talking to the MEN?,Wed Jun 13 22:34:50 +0000 2018,69,0.0,0.0,0.0,1.0
452,@nytimes,@bobwrightnbc @SteveBenen @CoryGn @Oleta @TriciaMcKinney @WillAtWork @maddow @MaddowBlog @washingtonpost @latimes‚Ä¶ https://t.co/iVbAnYh81s,Wed Jun 13 22:34:50 +0000 2018,70,0.0,0.0,0.0,1.0
453,@nytimes,RT @nytimes: The Taxi of Tomorrow was supposed to become the standard cab in New York City. Now the city has abandoned that idea. https://t‚Ä¶,Wed Jun 13 22:34:45 +0000 2018,71,-0.4588,0.0,0.111,0.889
454,@nytimes,"""Apple to Close iPhone Security Hole That Police Use to Crack Devices"" #tech #news @nytimes https://t.co/uhvAvHDfob",Wed Jun 13 22:34:43 +0000 2018,72,0.34,0.138,0.0,0.862
455,@nytimes,RT @nytimes: What happens to a rural town when it loses its only school? Communities across America are finding out. https://t.co/11Kt7yDcEf,Wed Jun 13 22:34:42 +0000 2018,73,-0.3182,0.0,0.108,0.892
456,@nytimes,RT @nytimes: Betsy DeVos disregarded a scathing report by her own staff when she reinstated an accrediting group tied to the collapse of ma‚Ä¶,Wed Jun 13 22:34:42 +0000 2018,74,-0.7003,0.0,0.216,0.784
457,@nytimes,RT @rem3276: @Anncostanza1 @Blackdi51264299 @Acosta @CNN @MSNBC @nytimes @washingtonpost @ABC @nbc @CBS Our media is guilty of journalistic‚Ä¶,Wed Jun 13 22:34:41 +0000 2018,75,-0.4215,0.0,0.141,0.859
458,@nytimes,RT @nytimes: The Taxi of Tomorrow was supposed to become the standard cab in New York City. Now the city has abandoned that idea. https://t‚Ä¶,Wed Jun 13 22:34:40 +0000 2018,76,-0.4588,0.0,0.111,0.889
459,@nytimes,@Nigel_Farage @nytimes Farage don't spout on anything you know absolutely nothing about in this case Facebook. When‚Ä¶ https://t.co/AoOlPW1gSd,Wed Jun 13 22:34:33 +0000 2018,77,0.0,0.0,0.0,1.0
460,@nytimes,@nytopinion @nytimes @FrankBruni Obama signed the NDAA and droned the fuck out of children. How is that not dangero‚Ä¶ https://t.co/pk3mOZn4QV,Wed Jun 13 22:34:30 +0000 2018,78,-0.5423,0.0,0.156,0.844
461,@nytimes,"RT @nytimes: North Korea wasted no time spinning the results in its favor, claiming it had won major concessions from the United States htt‚Ä¶",Wed Jun 13 22:34:27 +0000 2018,79,0.5859,0.274,0.161,0.565
462,@nytimes,@BarackObama @MichelleObama @SenSchumer @Nancypelosi @RepSwalwell @CNN @CBSNews @ABCNews @NBCNews @MSNBC @NYTimes :‚Ä¶ https://t.co/osF93CHYT4,Wed Jun 13 22:34:20 +0000 2018,80,0.0,0.0,0.0,1.0
463,@nytimes,"RT @nytimes: Crystal Mason was sentenced to to 5 years in prison for voting illegally because she was a felon. Previously, an Iowa woman co‚Ä¶",Wed Jun 13 22:34:06 +0000 2018,81,-0.5267,0.0,0.173,0.827
464,@nytimes,"RT @leepace: Friends: I wanted to share a bit of my experience with you, via @nytimes and @MatthewSchneier 
Endless love for the wise, gene‚Ä¶",Wed Jun 13 22:34:04 +0000 2018,82,0.9118,0.412,0.0,0.588
465,@nytimes,@Lukensmemos @FoxNews @nytimes @ABC Interesting.  Thank you.,Wed Jun 13 22:34:02 +0000 2018,83,0.6369,0.51,0.0,0.49
466,@nytimes,@RobertDRoseJr1 @TomiLahren @PressSec @realDonaldTrump @POTUS @Scavino45 @FoxNews @foxandfriends @TODAYshow‚Ä¶ https://t.co/3F5UJiKdtI,Wed Jun 13 22:34:02 +0000 2018,84,0.0,0.0,0.0,1.0
467,@nytimes,"RT @newtgingrich: Just found out that my new book, Trump's America, is a @nytimes best seller in its first week! Thank you to everyone who‚Ä¶",Wed Jun 13 22:34:01 +0000 2018,85,0.7901,0.241,0.0,0.759
468,@nytimes,"RT @AylaWife: The @nytimes has told us this week that...

-  Housewives are white supremacists 

- Christians destroyed civilization 

- Ro‚Ä¶",Wed Jun 13 22:34:00 +0000 2018,86,-0.6369,0.0,0.245,0.755
469,@nytimes,"@nytimes It‚Äôs a new age of investment, with new products and innovations, even new risky crypto currencies. One new‚Ä¶ https://t.co/UvRAgapcxg",Wed Jun 13 22:34:00 +0000 2018,87,-0.2023,0.0,0.091,0.909
470,@nytimes,"RT @newtgingrich: Just found out that my new book, Trump's America, is a @nytimes best seller in its first week! Thank you to everyone who‚Ä¶",Wed Jun 13 22:33:56 +0000 2018,88,0.7901,0.241,0.0,0.759
471,@nytimes,"@MylesLovell @nytimes Rehatching ideas is what Hollywood does, doesnt matter gender the actors are",Wed Jun 13 22:33:55 +0000 2018,89,-0.0191,0.0,0.076,0.924
472,@nytimes,"RT @petefrt: STAY TUNED! Dem Rep. Adam Schiff is setting the Resistance up for a MAJOR disappointment 

@ABC @CBSNews @NBCNews @CNN @PBS @M‚Ä¶",Wed Jun 13 22:33:52 +0000 2018,90,-0.5562,0.0,0.146,0.854
473,@nytimes,"RT @SmallBiz4Trump: TRUMP ACCOMPLISHMENTS ..
Retweet the hell out of this to annoy @ABC @CBS @cnn @cnbc @MSNBC @nbc @nytimes @washingtonpos‚Ä¶",Wed Jun 13 22:33:47 +0000 2018,91,-0.8176,0.0,0.283,0.717
474,@nytimes,"RT @JohnColtrane: ""The first [track off #BothDirectionsAtOnce], '11383,' is a brisk minor blues, with the swirling momentum typical of Colt‚Ä¶",Wed Jun 13 22:33:45 +0000 2018,92,0.1531,0.082,0.0,0.918
475,@nytimes,"RT @nytimes: Did you know David Lynch once worked on a video with Michael Jackson? Read the excerpt from his biography, ""Room to Dream."" ht‚Ä¶",Wed Jun 13 22:33:43 +0000 2018,93,0.0,0.0,0.0,1.0
476,@nytimes,RT @nytimes: Many in this Tennessee town supported Trump. But when the one of the biggest workplace raids of his administration happened to‚Ä¶,Wed Jun 13 22:33:43 +0000 2018,94,0.3182,0.095,0.0,0.905
477,@nytimes,"RT @Truthdig: A @nytimes reporter wrote up a propaganda video posted by the #IDF, showing #RazanNajjar ‚Äìa 21-year-old medic the IDF shot an‚Ä¶",Wed Jun 13 22:33:43 +0000 2018,95,-0.25,0.0,0.091,0.909
478,@nytimes,RT @nytimes: The Taxi of Tomorrow was supposed to become the standard cab in New York City. Now the city has abandoned that idea. https://t‚Ä¶,Wed Jun 13 22:33:42 +0000 2018,96,-0.4588,0.0,0.111,0.889
479,@nytimes,@nytimes The New York Times is a fraud ! start reporting the truth if you want people to believe in your newspaper,Wed Jun 13 22:33:40 +0000 2018,97,-0.3595,0.146,0.166,0.688
480,@nytimes,"RT @nytimes: Comcast offered $65 billion in cash for most of 21st Century Fox, setting the stage for a bidding war with Disney https://t.co‚Ä¶",Wed Jun 13 22:33:39 +0000 2018,98,-0.5994,0.0,0.151,0.849
481,@nytimes,RT @nytimes: Breaking News: Apple said it was closing a loophole in iPhones that law enforcement agencies used to access locked devices htt‚Ä¶,Wed Jun 13 22:33:39 +0000 2018,99,0.0,0.0,0.0,1.0
482,@nytimes,RT @arusbridger: Here‚Äôs my @nytimes review of the autobiography of Seymour Hersh - a reminder (if a flawed one) of why we need great invest‚Ä¶,Wed Jun 13 22:33:38 +0000 2018,100,0.6249,0.163,0.0,0.837
